1.3049528042844876,-0.6505761649292038,0.6824997004744366,-0.877230484574992,1.4961432109326889
0.2889702130622345,-1.8285512527154255,-0.8304176149778248,1.3348882857889335,0.680122553918654
0.4075110484979612,-1.2139230245863062,0.2889715238544505,0.11166022434826675,-0.10551925759133918
-0.294742591878034,0.6753970061073598,-0.42932039207891887,-1.1591332994139731,-1.0303697979386057
-0.9341101532712371,0.6994400112166692,-1.300839064302964,1.2982274680945003,0.7168090568354386
-2.3989836216487626,0.9499799470921719,0.05471994644907913,-1.6979848869569447,-1.2839367369832508
-0.30416553073375574,-0.8593211442566214,0.22252255148763697,-0.11494523788220619,-1.4206576825855468
-2.498196345062246,-0.675655331612722,-1.0790106197178084,0.8898064174083695,-0.36392742734580674
1.1485279912555382,-1.2058727643285436,-0.18315368032612295,2.055830145926711,-1.778895606065544
0.36463342726511,0.5868349364627484,0.5815243378741836,-0.31700216007559145,0.23282625843659038
1.6806789830052133,1.188867940675985,-0.4269791455981091,-0.33549298849051246,-1.357699060349191
-0.9729178023631708,-0.43576806932864437,-0.7079466358197906,0.48592570476989727,-0.7917531967420417
-0.9879135034369991,-0.25101910294139584,-1.6340231099996312,0.6799346551576598,0.4835506046097663
0.337049016337141,1.692821423972996,1.184417790762873,1.2128002228092523,-1.372570364191324
-0.06252576963943253,0.21178451411990926,-0.4211184071393793,0.06685404976824813,1.1719158146170345
1.464955949487737,0.8728859884155079,0.3492087497167418,0.22201493231261588,-1.3877409445703592
-0.2902056925882273,-0.34187087900233465,1.5976334031157613,-0.20038623575427114,-0.39945150610833136
-1.7897242203391228,1.0043552987477442,1.3676719979297478,0.47836889164235424,0.37272067796196967
1.0155189793216854,-1.567107504212697,-0.06813681650181318,0.9072483850406305,1.607417743061315
0.7401161993986365,-0.13506971681298308,0.7212129045432881,-0.4640754599893416,0.9345021016595787
-0.5557257623812595,1.3413964735064536,0.18864242550748592,0.1636397421555355,0.6302991711426409
0.026761026489983793,0.3824139322661595,0.39507290188581035,-0.09727994725216176,-0.6368577009026692
0.684211676700904,-1.7375319838878132,-1.5863319689340467,-0.8142198951653258,-0.8046374160988441
0.6597163000110413,-0.8006032842065869,0.3753641428808688,0.8000154273609814,-0.23736463931957844
-0.9243059401920335,0.5007017404382209,-0.1653811631658124,1.037590312936482,1.6391139488334494
1.929072503225682,0.4920315271782292,-0.5040751038165324,0.6698053912805436,-0.2338820999404419
-0.8046001011140168,-1.2983567612232314,0.061227742883405455,1.2846723347535904,-0.2259035890249408
-0.547150888123626,-0.7196290028261397,-0.6627393482345123,0.1912741443976011,0.5050129332391463
-0.9114595810373756,1.2862146447660923,-0.5267824548354558,-0.5422308618540919,0.8999793396164478
-1.3594908746970429,0.24026858686776523,1.313987234505098,0.10048643523391938,2.5852344533988045
0.10172744001076528,-0.04248423887242143,-2.1713053412175807,-0.26422223334692835,-0.38501083195818137
2.466257767525073,-0.7147426547547735,-0.7550677410569541,-2.137140388519015,-0.3819252842986436
-1.0113803546841629,-0.48275239533549147,-0.7648797809758621,-0.6641564800596335,-0.12439698436433864
-0.6105164834562136,1.5326728283885938,0.7291539317921855,-0.34462051872975075,-1.1615298585047105
0.7133816765088589,1.0511726168475306,0.9897895798797969,-0.43691637222768814,0.18575334279432365
-0.11430922137284752,0.9575501583012256,0.010023283052767345,-1.0743742069360356,1.1628613372325995
0.3016991695309654,0.31436855173144634,1.518668808178538,0.6369423477977993,0.3698173928010949
0.7265742707264182,-0.9626169813969121,-1.4882657853987111,0.03900874981577808,-1.2261705450632685
-1.060149476704514,-0.8661261179419067,0.0959785742817327,-1.2647806604506306,0.1741954849323766
-0.31131015571250614,-0.0436304947717851,0.6555727776217977,-1.5527154660345188,1.3172131527333628
1.2200343507847367,1.4974611193742269,-2.0227941335823516,-0.7584333474791153,0.46586981914362185
0.8123328629755409,0.4350130259941684,-1.2969384002906896,1.3811504937678527,1.6747520176596622
0.09110613208227578,1.0505043500990425,0.6548896839376055,0.4128806936227222,0.900414043705768
4.888421221271651E-4,0.19579113872825374,-1.0352963755592948,-0.045001216556741316,-0.09490993474482289
0.07348428414289244,-1.3929797524698901,-0.8859524753776721,-0.36176737615234655,-0.38237363432375415
-0.4079687187649934,-0.21506814254113105,-0.565707547301461,0.35056098390313706,-0.34962900230197363
-0.829627280200741,-1.8152063786287982,0.7356482354860316,-0.1406885806174958,-0.2699913927412868
1.0409361117463323,0.9762319616649763,0.3020259702332644,-0.2448607215007358,-0.5011950415360616
0.042593093001026844,-0.362942709866405,0.7001113812890222,-0.3458589222721086,-0.01659981513837718
-0.44905010296941106,-1.3782478076349742,-1.5421024660831073,-0.33174945429093805,0.045012470728487124
0.8593582381407245,0.33247055001029857,0.1648237900728726,0.8758270498054269,-1.9522642780176036
-0.40784930380604856,0.720701781817543,-0.15423128332847577,-0.2009710805565135,-0.36942494409658866
-0.036458122835999536,1.6766020532896044,-0.18347936767164824,1.0493663538490814,-0.1161637189302303
-0.6500868926209066,-0.17463130691062542,-0.2565026906467953,1.348962690011562,0.8059745488603637
2.2836499394453638,-0.8017656094232514,0.23689372391258198,0.038940773045230324,2.1247078746156673
-0.6450654380583044,1.5854872243453797,-0.0599742102051689,0.16616862724719347,0.19949463692848704
-1.8654687162152797,-1.3159998667191397,0.74309636111811,0.10048487966672778,-0.024089054372653823
-2.7440651316125733,-0.5175640410171054,0.07339876798798406,-0.8970674002726988,-0.42044571796470576
-0.14589166684741872,-0.4255855721856489,-1.250559795261448,-0.09120137377573678,1.5638676738274728
0.6318410707932444,-0.018602448948335355,2.2706967515141945,-1.6854933035185093,-0.9771800281996352
-0.39643490810223314,-0.11131394013508329,0.08421914849695891,0.1335524259113869,-0.4842476901700662
1.718409698727822,1.5770458862949104,-1.6348665243992362,-1.423094438526516,0.8393079576209157
-1.311684419600316,0.6534000453110177,-0.2359570173115512,0.5850989128289694,0.14818901921110156
0.6701332163297273,-0.2878977595694853,0.520640714628836,1.5307111371033686,0.41171478874193046
-0.951232013880024,1.4690718723912424,1.4418207962614973,-1.0718231436320569,0.3281620816560838
-0.21779317977325344,-0.4084504807611243,-1.0398449829724286,-0.3103454176639277,0.2896567486388168
-1.459774234220675,-0.4161072271936026,0.4769552141205229,0.38592721100743843,-0.12851065554658977
1.766019239027794,0.019177204692073624,1.2929079543161115,2.809749325550247,-0.06377300875930635
-0.49350159088363027,2.3795708155731394,0.7353679622648175,-0.34987303643640766,0.6270233665684283
-0.9118832966544744,-0.11760987560919998,0.8562051686899106,-1.5412320218185072,1.8468182732918643
-0.1173285835781033,0.875029998174775,1.4338153565931453,1.5339407027147682,-1.1429024119925775
0.7534184093364807,2.536315362990008,0.34053480635652233,-1.2793841692975874,0.8232637478106886
-0.56393081299197,0.6200601257892087,1.0938646500836755,-1.2842764177432406,2.430332554980351
1.7527667768741426,-0.20442681791503328,-1.8105415142170969,-1.1275037772683139,-0.7887799080598679
0.3769706961220238,-0.5542681245182276,1.0109886023035481,-0.10479799871393719,-1.030527984957737
-0.22303037941554685,-0.318946793197652,0.710700640264883,-0.1893076050132034,0.4020054507355331
0.6042845662348462,-0.3547944255761931,1.3060177853129338,1.429782328072875,-0.5980274929604723
0.40944884546211735,-0.8196271921755757,0.2917261181783748,1.0042990202545783,0.4888577733464365
-0.2526686770376648,-1.033343729303564,-0.7742290444297913,-0.571721750715403,-0.28948663302476696
3.1166247476910787,2.237924991512745,-0.27212078787868865,0.7233071250952751,0.1173489182275248
-1.285515203838597,-0.4320511984343988,1.2777245201903573,0.07414061033281742,-0.247354866440781
0.06364911182061857,-0.18775895898041292,-0.11902140419069014,-1.2157220819019972,-1.4326203187937845
-1.4036803430114548,0.6113142231344403,1.3093372390646132,-1.238184173344642,-0.3000540344729261
-0.8870903317793842,0.17714644666358054,-1.6057946068172437,0.7476402370223334,0.06789823954931304
-1.099600489392637,-1.5770496878371818,-0.15336341268780068,-0.5427507993632711,0.38654245556466205
0.1783837730381157,-0.1377140824326524,0.13601199264397518,0.12863880956536425,-0.9882613809667921
0.7256376677220832,-1.0044107071765076,0.5454817368678092,2.911325420256417,0.7536355244706738
0.034056695504843,-0.5254884682488883,0.7198426760877502,0.9931483762691392,1.2428290676127345
-0.6895626803393705,-0.10083246238563412,-0.012544466214544107,-0.04747689015705692,-0.444488670845521
-0.6665085516473038,0.14332688354120202,0.12666622287272292,0.5378432803419539,1.13611353471311
-0.03334623910453466,0.6734881159985309,-0.8241753803638981,-0.2032734301101478,-0.49611156825964847
1.0076923462299245,-0.8514439511507447,-1.0475530966304076,-0.22654624786046665,-1.327334259979803
1.2453353498025508,-0.6246450571119184,1.2044269275753348,1.1032093159831815,-0.8623114504207396
0.43652052466803115,0.508315399371528,0.961501561966872,0.41045029005461703,0.7270341011284115
-0.7907088606183348,-0.034079248033409636,-2.25583619603161,-0.8873486534735513,-0.29867023202050075
0.778776932021175,1.0322093905898373,-0.06640130523253625,-0.13153112078383897,0.6236564075283098
-0.4650456185469372,0.4784276605460293,0.17599831732478072,0.015918606600394833,0.11586795613327651
-0.2917927545138556,0.41566646551621766,0.7715400173325531,0.15919516399724404,1.0676632908094834
-0.8288670392710473,0.2250053723498885,1.649891839526761,-1.640180362693049,1.0635139134914395
-0.29121268565362257,-0.5786396324446501,-0.46814633988869264,0.14068034671761806,0.8605860191143849
-0.4415255407618445,1.4902605146326329,1.030916690814139,0.6609146091394185,-0.6170834436892026
-0.973621633223302,-0.973277107010797,1.589899742629997,0.46887415310624053,0.830314340636865
0.3464070681678274,-0.40694200267051406,0.9098667064754073,0.944744511682464,0.5646995116780088
0.7122394183968029,-0.7807121862440876,0.19102560716712674,0.8750137193329145,-0.15463670610205663
-0.5705563127358806,-0.159065733702141,-1.5740513143653418,1.7157881963919204,-0.19329848596662796
0.15458976506801228,2.002670344071024,0.9548579413817184,0.9101191619800282,-0.05963609272519074
0.8769293604074805,-0.6670313130991984,0.4102987556664787,-1.3760746931646914,0.6181631064016178
0.7361493956085113,0.21979023608713652,-0.05895842966541763,0.2140418501696102,0.43861620635153
-0.7073944608529698,0.4209547165651083,0.9443543687865489,-0.49833509929395065,0.11404687242497492
-0.44375109133735385,-0.371606888938595,-0.9063031267058983,0.6313425552386595,0.12455476302944055
1.2730374969424314,-2.449245917916542,0.4802739647559986,-1.6563168424323318,-1.657240052987358
1.0735322068949487,1.0671934639531282,1.0991567271625113,1.2562659009763952,-2.3317427477837596
0.30567171308426616,-1.0650482017074552,1.2791490139791806,0.21915043429921205,0.6902682926446775
-0.43286600383094637,0.671857634944166,-0.189836717655211,-0.8866807829189265,-1.2859163064483297
1.0469775975188118,-0.4654738547182404,-1.1866706209898525,-0.27568256243181066,-0.06440095509611792
0.49394465724794023,0.7349732128786256,0.4846460214099596,-1.3194871566747146,-0.10241274914956866
-1.1989742597475588,-0.4775473826849173,0.7303041954242513,0.0920587375349209,1.3018643742800349
-0.6072613874405883,-0.7776658588134205,0.39114573002412667,-0.587927820559268,-0.22178034850762068
-0.37157505573671423,1.052197932658366,0.22416199536125228,0.6697609408055629,-0.8803322088129368
0.5567918950041011,-1.3927657831958322,1.8216146904959107,-1.1915682725284829,0.5558073384289864
-0.697501503204648,0.43561346555362923,-2.210773985071186,0.568473825340221,-1.1751158554224983
1.7178344918384787,-0.347829901398826,-1.1555236428823827,0.8545231142293361,-0.8988929035962813
0.47504336978242173,-0.2872417672841306,0.9395256013877293,-0.5285304714470788,-0.03384738847364691
-0.7796383150769136,0.5981258298219889,0.006860906455928496,-0.799449457321836,-0.12112895560760124
0.3046558173849895,-0.5765108500863712,0.2828390331508751,2.8492025386234747,-0.5539761898574251
0.2919608720377185,-2.869287449227429,-1.9019595776696767,-0.24827108879070742,-0.49327484686922674
0.23243078539666534,-0.1335433850547169,-0.5014361595593096,-2.061842882971993,0.38725040619332896
-0.842614573553999,-0.9820450291704956,-0.07328675489289582,1.5594120262484656,0.9544942026625632
-0.607735702953914,0.987747208893815,0.24430834900745135,-2.064691360041036,-0.649624701622844
-0.7122437129768366,0.3080228973591617,-0.4952433727656181,0.12856746790996404,-0.03650330009687906
1.4690742556116458,0.6351309527279678,0.07524037399475261,0.5760855939311414,-0.7870995664788728
-0.09213765954323469,1.017366380896463,-0.6937863251833389,0.6931457456588412,1.2786540543035212
-0.650721271401097,-0.7028955562949242,0.2988713192299922,-0.1073712189792538,0.6688322811214137
-0.5352290654817787,-0.7844627558965799,0.8978113187211277,0.2951398658383905,-1.784260972042604
0.9205671072673676,1.1390737091129253,-0.3995378806213854,1.0098301501300895,-1.110352803426604
-0.7091431384462953,0.20227527339078474,-0.9475774149012406,-2.3347198400983484,-0.21257500356255962
1.1605940501853325,2.0738140565772754,-0.6532877041944958,-0.5891653794583356,-0.26866834675022755
-0.011177882456073,-2.0877244101835903,-2.3587040887599104,-0.30971854565852636,-0.3444985345729138
-0.0849225486622217,0.799905124760762,0.7886314239250232,-0.23581995362559877,1.4484105869742758
-0.9767363612702378,-2.888355155377586,0.9293976133937464,1.2153111486854733,0.9588427783310142
1.9603080216376525,-1.1696766855958918,-0.8349108823301143,-0.41816895829469575,-0.44887590626422386
-0.745016600065947,-0.48665717703785694,-0.7220657451870742,-0.3489936223449534,0.5725623001960627
0.8592108646778671,-0.050319066416629005,0.7301646358711822,-0.2864494012004711,-0.011834203601786818
0.8412713764117051,0.9879191464362316,-2.3355027188454502,0.40765583499197344,1.6038037485391634
1.123525695973359,-1.3776633520622947,0.8036111952172552,0.07484223861641051,0.4692240646247955
2.5130276391251223,1.0610409343493903,1.2388721925522146,-0.4140870585356424,0.9403999488400581
-0.114843323558604,-0.016529557632004224,-1.0150852246242614,-1.8937241446847666,0.4948483599609869
-1.123575889368739,-0.8303463177676161,-0.40298340585943665,0.9643697394379451,-0.18671133127827244
0.4921689291693801,0.3162163323282719,-0.582365945202883,-0.6611201409780741,-0.8332625096671821
0.6295829721369869,-0.6227505531497795,-0.7157367841450734,1.3591070614716318,0.4137383784400128
-2.2158457617640304,-0.6591397897984927,1.2826521018714798,-0.1066039126136631,0.1433237555414805
-1.3686917628223534,-1.0553277997154509,-0.5766028731301404,-2.4235326008272553,-0.967868216944774
-0.4266212582575503,0.5937183849961025,0.19009517534770162,-0.8197621266054438,0.10629929029965784
-1.1275640226351633,1.5518243028666823,0.582958602141172,0.6743555614589516,0.3365349129650955
1.6926723872337515,-0.9925178705084886,-1.6222718888113254,-0.0645799884841918,0.5555634084108441
-1.1470025647370208,0.9661727912033287,1.4932132677798864,0.5610289267132503,0.09387021737486188
0.1236237678652917,-0.15416066589711735,-1.2752963935871298,-2.508494772123776,0.08136125254947887
0.9501694625159944,1.5766592854910482,-1.409042404164765,0.636026298466463,2.3057725476204314
0.5082382931261522,-1.0727268304715225,-0.01636580207158711,0.7228573802786533,0.11019005296714282
-1.3484700241750796,-1.017551190638814,1.0693162341086095,-1.0012246584345028,-1.5335439914343374
-0.01629115337140431,-0.6230784187506563,-0.7668819693992541,-1.0386912094792307,2.011109168574927
-0.18428898439059446,-1.1474237612876723,-1.2438110756401277,0.5088129248244456,0.16374400457756044
-1.4457420043621836,0.08429936761647162,-0.08759815034122342,-0.5963315924226915,0.6940537263177793
0.44976030360204167,1.2992630048254683,-0.9285176716351707,-0.10158530951769555,-1.2777935205607642
0.2537250457651818,-0.09338100778918254,-0.729682040327654,0.4867874877672338,0.03463244847362504
-0.6165334928713259,-0.8033886164255906,0.2618507947142428,-0.439792362686684,-1.862829545409913
0.7095018783697703,-0.507461374776075,-0.1318842553152288,-0.6269643823071945,-0.9709676787636097
-0.9516504920232886,-1.344934668419007,-0.7537235967359731,1.593664641802831,-0.13820573302709782
-0.03729247047320251,0.0016672585584241774,0.6808889395089065,-0.6041607373256909,1.0502482641059732
-1.4042755997783114,-0.37181860761635527,-0.06752544750122368,0.8263477128913922,-0.20395357845549
1.217735191955667,-0.3020305305700934,0.30460230869528687,0.5973359702935084,-0.23041269775729184
0.4177886301635138,-0.7117815579297438,-1.2660249556948384,0.9496203086696864,-0.8037229328407842
0.04884813988040941,2.0434722887420698,1.0650415854193924,1.9524278151992345,-2.163220411535815
-1.0829213444822798,1.041520353465653,-0.7506768442831856,1.2423127363617332,-0.4764739116691699
0.2309073254554838,0.8282035921247974,1.4994408221278082,0.6798285227350631,0.9692969439919656
-1.2520321881800192,-1.6219572584197748,0.05852970630580084,0.5597213738883806,0.3868173232566662
-1.118251761237632,-0.5390037073068396,-0.47824656438390956,-0.012292824486758327,-1.7035291374239987
1.017940419567471,-0.04072285177671391,-0.3512668679264291,-0.2678635086306919,-1.1078566027667949
-2.4381852981322365,0.19376874995142948,0.6547202212288032,-0.049094694233330384,0.5935402729337022
-0.24592723472563136,-1.0502461545596469,0.9627681337397486,0.16595239812679768,1.3452439889839725
0.29438271042942243,0.8921796205692721,0.20709380720434342,0.4669430139191422,-0.4848056945484655
0.17953572864160774,-1.1886636901138143,-1.955588541988723,0.15896176508513993,0.09040416456165497
-0.23228038305565313,-0.02605818727222996,1.3407147893245108,-0.6747753734370636,-1.817959819913371
-1.294214592649285,2.466101258601435,0.20345823413968092,-0.09330338622978251,1.0039312590456848
1.5060491660745532,-0.7052527850333352,-0.43874157718471213,0.66333735702835,1.7648817291831298
-0.4210810716920421,0.524545866685781,0.16463072438189655,-0.5538151287459473,-0.3528357536190109
-2.801457385862717,0.8939336662325231,-0.41243251201743275,-1.047743537914742,-0.42413159597617767
-1.617088902808737,0.17291949990009856,-0.7095908741279888,0.33276503754973286,1.2480459164435205
-0.09188916351590216,-0.6716242148329238,0.010732693924991772,1.1192972433879609,-1.3121122329938903
0.12855083985317362,0.919359179656112,-0.08953385252946411,0.8824749881510068,-1.0792393112659155
2.0335217460422124,0.35240017302876936,-0.4289596285675302,2.2554635432389447,-0.8370378026998939
0.6478951409707877,2.3847477788837876,-0.8717924892162535,1.526507968282367,-3.0646722186554336
0.2998375945381833,-0.5336572680396122,0.6468244494590231,0.533382946615293,-0.7890095788060995
0.4718921832142671,1.7061946911677817,-1.4335264179707494,-0.11621896008803644,0.10126557828728514
0.39225747499683594,-0.23758979470073124,-0.24276015500428025,-0.8595220382562866,-1.0584300014464902
-0.2548761983285408,-0.9736767322444445,0.02994063293759123,0.7236161191893249,1.4439556228040766
0.775686723658119,0.9676746253798624,0.9207233834308799,-0.42246484266505535,0.6289254199857132
0.961809838301796,-0.24103590034457612,-1.6051132697235913,0.22755688070317678,-1.2809200952194812
0.13451087858339156,-1.0899300736979645,0.2624086630620418,-1.1403856799507208,0.502107881551308
-0.045047749308394565,-2.905619286457096,0.9794203778131465,0.9358925538021118,-1.1052585972377698
-0.5607556494209757,0.06563321489225213,0.8821550784953976,1.9824280883292775,0.8049262729322068
0.02313323191672765,0.03484594919629981,0.3279008621938395,0.0030171180694991786,0.09353589926577655
0.30147781911155913,-0.1225098837149698,1.218653066755781,0.28571785839577696,0.3831539654447673
0.4657073946095036,-0.9964120404516892,-0.29535320311574936,0.023972975121031744,2.04895148670641
0.09282453171381,-0.9936362219308779,0.6437487457362451,-0.3714641193763951,-0.4026800258937467
-1.2867268805921375,-0.3116201601007608,1.0343486811743015,-2.2715231947038994,-1.9119002321720913
-0.8787581035911924,-0.025501874064658085,-0.2040911596573583,-0.13355057382367483,1.531941283667079
0.1903507984785221,0.8977379481602581,-0.8673979543635113,1.200074290205711,0.13701538796418622
-0.42235539941235195,-1.841822434707566,0.28059585508313983,1.2339424875020506,-1.2336174870908179
-1.2867650150731442,1.038156619781415,0.08942394149975517,-0.0016173774642628956,1.1874928120981916
-0.6059970351570901,0.14778691682153014,0.28477110660521543,-1.8306373880850004,-1.4784964257920181
-0.05566621609068168,-0.050206574115175796,-1.3961337495270936,1.113772747202923,1.7926106523201486
-1.3136708186807764,0.29284596208525426,0.7745056671025937,-0.13959455503879833,0.35417477225329935
0.8738129197862781,1.0079755494749876,-0.3716397823988264,0.35399359360079835,-1.3203029023448731
-0.30967494699444387,1.378988064547057,-0.09471147938687861,0.7779507257710182,0.8291134561052459
0.286858478816948,-0.5085983556346206,0.4195039368762815,0.8787019769484118,0.887856672574884
-0.40112632276358856,0.2236635007744776,0.3885921776099916,1.0365010591846902,-0.17532882998053742
0.2580862603472793,0.3949058435618365,0.3069636637642725,0.5122895951684062,0.3032079887973084
0.5310115503849565,-0.9599349334403545,1.0325216906046153,-0.2007446862472573,-0.1771489265101316
-0.31304170211297533,-0.6373277324173839,-0.3549174095953837,-0.3107121169567323,-0.7846489642282378
0.4601977891453522,0.6877522613652699,-0.02610595380328421,-0.9891478370200671,0.5582124789250907
0.7692599176770194,-1.0304609990400122,-0.9529224676650262,-1.3187313574126796,-0.301907744961489
-0.3802596875045358,-0.8958746258689132,-1.1668153484499844,0.33666194455711645,-0.8545453828165788
0.16085443848961428,-0.1986771916651053,0.6546577014985645,-0.7891525854593956,-1.0668616546180683
-1.7249161306154979,-1.317051084034711,2.123067056478979,0.6138898685373638,-0.5679156993448726
-0.06614895278760145,1.3320547156004465,1.130163748834588,-0.5416240765099747,1.1251972268659418
-0.4690074157708321,1.191775013158034,-1.2037899209975969,-1.179582095358907,1.2671074504170923
1.1724499590375308,1.6858921708732513,0.5747640533473246,-0.1421834130839818,2.0760908657682706
0.1105930412961059,1.0528386691468175,-0.22600169852226318,-0.5717407675692708,-1.1514583458770484
0.009407584763256397,-0.14417116446214132,-1.2038050735021568,0.1460163604947863,0.11193101914452915
-1.37885969200838,-1.538261345886125,2.2292121264512303,0.5648448379568083,-0.16406521665718407
-1.6590344979411826,2.188741745863378,-0.3358823808397119,1.2164898325139604,-1.5914010650286523
-1.5875350937435995,-0.3673101487502283,0.09043970860305885,-2.100272285184745,0.541037283340031
-0.6424324483621977,0.3119721456608141,1.0136126402262182,0.9831402239093725,1.0695707675134785
-1.3147385811717218,-0.741125449549784,0.600591906287175,1.7100202978302996,0.23223789556126345
-0.394490129509718,1.2050584565692812,-0.06830107718179625,-1.1278744761906672,1.6977006940319168
-0.4714918505768706,-1.2408235052364516,1.0148384467476197,-0.18165686183351853,0.49302472255672725
-0.561051218728594,-0.2016115894627769,0.9283922732758526,0.38237813861799796,0.360411759654227
-1.8801063410581287,-0.19280615610434343,-0.49858297743314095,-2.3304210733205104,-0.7186514278793282
-0.5336232759312731,1.5388864311515023,0.3162158444878251,0.11213281132270811,-0.9838928349529967
1.2864186038174974,-1.1359953953578117,-0.33888498475512596,-0.7680370007457998,0.19579063795648669
0.6240556262797674,-0.4846064593520297,0.13605136490565853,2.4147019682457787,-0.08415731629012561
0.8938349366354046,0.5566973970954324,-1.868805820743333,1.917722249527641,0.4436227004271442
0.052956182150678016,-0.5946427087592044,-0.9125428969037023,0.7366697197711402,-0.9846262068027095
0.06367388885574034,-0.049643311929272606,1.516519676698037,1.6941400577915313,-1.0928015806531153
-0.209479186799607,0.6524235498209496,0.34437990480477004,2.1480828129447227,0.16046516612352832
1.0582018440704826,-0.04742370608221949,2.1170713970340094,-1.6419169802332725,-0.17650075361842546
-1.9746585564356292,-0.3285068800710766,-0.39413832647080416,-0.1544636115720216,-1.9275464537666316
-1.102309580304128,2.2207113637362856,0.2687787696436876,-1.0202199075158203,0.425961214646428
1.2769802755572683,-0.16665654589609719,0.5662524816692612,-0.1916682377257648,-0.2021713229818019
0.4374828440826383,0.440451233988443,0.010558213246328753,-1.307422730851021,0.5388503043265703
-0.6197404254424563,0.2618653234900928,1.5204439558685339,0.4651905872334772,1.2702790017509549
-1.8281070858949866,-0.054024441668754,0.8404648556963095,-0.08971571466845522,-0.5025097874630274
1.208406533013233,-2.518012610614296,-0.6218419045077713,-0.1597943157485624,2.5291270636403214
0.07054512914434091,0.9130899478935698,0.9415443155455487,0.019803237583064733,0.9555176004020223
0.09785102872805665,0.38817877097648235,-1.2894909046917706,-0.7807101536322267,0.8023295893510107
-0.6430968229235088,-0.41797207306895384,0.507606847674399,-1.5528338517142815,0.20032953108760682
-0.28252092230472525,-0.6643254160902132,-0.004196141858043178,-1.1167293427593823,0.1247908915294457
-0.621707283594227,-1.3989277629414627,-0.45961353296578883,-0.09531381587149808,1.2047516773592934
0.9734187111002245,1.5541286955217717,0.9649843207051456,0.0229348557313076,-0.5282483669521623
-1.9634914544801498,0.5854554243149818,-0.923332361643604,0.5273473773256765,-1.6017616159725847
-0.1961013637641368,0.9155537116194256,0.42066902892755065,0.7835353527238084,2.034458198133152
1.777490508225944,-0.5684629658989068,-0.5461873550513763,0.5956728852981363,0.3760350997409927
-0.59300220700156,-0.11735766606486059,0.830081093628885,-1.6805316161204322,0.5331898824526567
-0.09046940326740156,0.4878730378314828,-0.23790874752968835,0.3913728071398439,0.9110075015823831
0.5175778572158372,0.9940167507710742,-0.9360785638954799,1.093883371977961,-0.6715734684398665
2.040362604263895,-2.4610263115880984,-0.5901262668277091,-0.24541937596060145,0.7741186196650081
-1.1002781659995102,0.15078621364593245,1.2186629699975533,-0.2707950293998112,0.2913106472828783
-1.4961070286934899,-1.9657865109047958,-1.268161870238509,-0.5349814060189126,-1.091701390505672
-0.04249277946651374,0.7496900558820915,0.9474073051456168,-0.5069294644420814,1.211072136863927
-0.11592989957823192,-0.5697204966308066,0.4296706150817405,-0.5637912629929281,0.275125303370239
-0.31805044586271086,0.857850673711685,-0.01734239977884491,-0.22259749668381007,-0.3472223729526549
-0.43658975032021174,-0.047343825062629456,-1.002062639916973,-0.5558567170153569,-0.7545989859720676
-0.014064815471490313,-0.09769806449225624,0.9059829203664909,-0.8766325946896947,0.7790501583440957
-1.2992434091067162,-0.2296454342090799,-0.4567170726271785,1.7902926394674594,0.5141337457438993
1.7110883869453613,0.26280669623134373,-0.9011963698644975,-0.2911192616130871,-1.0119031419954636
-0.19154981897882864,1.634796395860814,-1.2301090880561585,-0.6762290686900782,1.0589787703940106
-0.7551669102167148,0.11488895708356708,1.0800429693028646,-1.000748980279434,-0.18353556518408853
0.04531704497810416,1.6373040965170154,0.8873915629073683,0.2976094375937687,1.0335362195781899
-0.4439391443860051,-0.09686605504146006,-0.847579446372023,1.492066405373376,1.0894247172550113
0.8299757564879856,-0.43216198484021273,1.3986243143433719,2.155663404626975,-0.05759026016738126
-1.094800283194822,-0.08566353632076915,1.6867724411671987,0.010885357297964915,0.7654470508599265
-0.8103100721611092,-0.5783148655304354,-1.9816350029994743,-0.8519878427643702,0.4067964476651381
-0.5037323942568421,-1.3473438459550429,-0.49660850797847006,-0.2589664934306313,0.7332385206963634
-0.7953961449102377,-0.6635178197214445,-1.027478834473754,0.5981977926274672,-0.008938140770311402
0.16931281150353483,-0.9930098527103394,-0.43922314939896673,0.47509526060932894,0.4437158694563423
0.5279008569706538,-0.42344297168142025,-0.479669938960421,-1.4644788606673422,1.4761696207116755
-0.052092784203284316,-0.8003458745951888,-1.08467358129691,-1.8960342022580938,-0.9674899272547481
-2.3275020766525962,0.4795042724273371,-0.13634432062904134,0.20335849240508902,0.7201512924069725
1.484622664236891,0.30537961583500944,-0.4282428137899644,1.4857809745737434,0.9783613892643154
-0.2629815993425006,0.24089606692487947,-0.057875164009465144,0.3567076841607594,-0.45703712538112257
-0.5842722611107035,0.11394492609604046,-0.7300353343940905,-0.6243795206375822,-1.8032020308512346
-0.4880522532304938,0.24100492450296487,0.987132171113092,0.5591031207008674,0.40088027100739754
1.097276157094791,0.3169971159317618,-1.6662606938177955,-0.1740133537660273,0.37354763969675076
1.2725913001847786,1.2458723529846554,-0.14111542990136253,2.145975454091027,0.441247343549643
-2.058222454741399,0.28716229385406494,-0.3709380263136193,-0.5711595996722627,-0.3720296085864219
-0.4559056018822899,0.15807509140546264,1.4693620814273185,1.0378748477050146,-0.7853738216694831
-0.26181896047417674,-0.1186363798588746,0.5469852837320114,0.8986415063944069,1.210719620332687
0.14015184854042242,0.3170409898829979,-0.7810805372332572,-0.47060715567749994,-0.16384974019641235
-0.01777592429250398,2.4623251225372593,-1.4471285469857447,-0.5651734493190362,0.06901332176498662
0.20649557838382074,-1.002219236559858,-1.6707219779308056,0.17541354448561372,-0.7671619540595601
-0.6063168285254721,0.8806715987795218,0.48904409412099065,-1.4756957121335585,-0.8196248456317026
-0.13487979483351376,-0.24418934044896914,-2.019019623518231,1.0595728976669025,-2.012759511857828
0.16764547656268916,-1.1666962526081366,-0.2822435580465298,0.07390631489409473,-0.6703380909215391
1.0541729654357532,0.7257856578506549,0.1519681022449582,0.2895747368293071,-0.12677721367395203
-1.16935605192386,-1.3761416495314547,-0.35976293903548573,-3.150001189433498,0.34234560261103486
-1.1614963183068157,0.5240890789905833,0.07146024850134737,-0.14510047681725188,-2.7760807406117327
0.4624876206561548,0.4268934959523497,1.3040567165738988,-0.9537636383346764,0.35369844881679874
-0.21584932713201838,0.8510620679074672,-0.2332719374081469,-0.057032640731199825,1.2687453634796717
-0.23645111872768093,-0.9981804102585625,-1.622666607585147,-0.07083543520076241,-0.47132576725650777
0.6156479273799849,-0.235900355397562,0.128719268982275,0.22095569567260043,-0.5572831350555854
0.23030626231067033,-0.7279091319396629,-0.09869881085571722,0.7789901019219149,-0.1260294648804986
0.28384030752283035,0.13370711919930997,0.9863450757737562,-0.5125177442760533,1.685856531822799
1.2736941681724754,-1.5763820801726403,0.215297913450298,-1.1188294947919872,-1.1498043788546028
-0.9658082263443348,-0.32639009750808645,-0.4464031116130849,0.45075555501898223,0.7304842918524984
1.598740632292727,1.5587747098586657,0.35629979707662524,-1.9122260896389358,1.1396130414799617
1.6184431353890367,1.3166364382875058,0.9953147512129272,0.47246488765734496,0.4672911534964179
1.6818404837312095,-0.45105137857910854,0.5091766330159938,-0.9225976613046395,1.427835753075717
-0.2133487926403675,0.12493044622474454,-0.35086814865368604,0.22474462337139686,0.3334860063651459
-1.3053968474189253,0.7741383096731806,0.13204203212554533,-1.104102363049803,-0.5766803266480894
0.6663503201930931,-0.506394151241776,-1.8279299217193716,0.8221862470450325,-0.0682186424293117
0.6554692206985001,-1.1179851040576676,-0.591739084199536,-0.8209815122147174,-0.34362077932023
0.08073504730646923,0.008621641328413079,-0.5355496289771372,0.024019841798420795,-0.08627128537936474
-0.09558334246948885,0.4979752618306673,0.5309718682514346,1.3406069675442593,-0.7644795714896858
0.35742414583356286,0.03428894051900489,0.6291057850956923,0.7034116422108604,0.4623626580640911
1.5066129086545457,0.10389791641521036,0.14236108812743864,0.5035203593030351,-0.9270542928095151
-1.4027970011104158,1.15049873773179,0.2613628986845157,-1.083298507469889,0.49074032204480605
-1.3417731223610136,0.687187362897042,-0.5978031863273405,-0.6222876543473358,2.345328110154073
-0.3206118570487405,0.6470773031962598,0.037900169318463565,-0.30452706228288684,-1.7311870972827108
-0.05423850578299431,1.3899696557821437,-1.128980389308667,-0.5188109485110056,1.0744502573466823
-1.398269226917584,0.08575898804020457,0.32627119791111264,-0.7366293878452735,-0.1897004842539972
-1.3888136767002364,-0.4198865896134548,1.666419153460847,-1.8635713250647206,0.8720010096848402
-1.9231285456860374,1.3884924080370877,0.9217784103904624,-0.29175750694829927,-0.173255095326912
0.16972180583502158,1.2930944075088262,-0.25389439982463125,1.3694774563052452,-0.36501172822132044
0.7415973546704336,-0.17253704528421338,-0.7603724024038799,-0.2686662466986124,-0.6765944865864675
1.0610565576587625,-0.25382699968923994,-0.042555023555167305,0.02790085070192078,0.6365382426525655
0.7019338519665262,0.8341904566608498,0.6858475848907812,-1.7194444836998377,-0.5051837417873632
0.29475130074530814,-2.138880951102758,-0.7329488733692502,0.9753343650967121,1.8127832447617058
1.672132360868335,0.6040615705867743,-0.5095504367115351,1.6991730639347682,0.5390393859589516
1.2918247837512062,-0.07270276274308214,-1.9901322269440362,1.3132301192429234,0.7127382451056418
0.26988221874120855,-0.6744108792927774,0.1675135906185245,-2.2802420840611046,-0.29155311892714564
-0.6604834673695423,-0.9081257140748439,2.1564667649293536,1.3485166175847667,0.3166270313357606
-0.29053413384698323,2.18923526866911,-1.8351417504111458,-1.3992545149083446,0.8596259736376398
-1.0510783332598694,1.8939423929850467,-0.828551885678012,0.3081331057124125,-0.2495997648779838
0.5088374893730766,-0.5271002968335295,0.14957448477857588,0.20420476047237687,0.987925375154282
0.005679806623965818,-0.21566606978814964,-1.0193261826777658,1.4687681148938236,0.7538174796917682
0.6537083499609174,-0.03782156623569343,-1.2064001439587,-0.32645653780072054,-0.34192404328894777
0.5248432272892651,-0.6456230459262308,1.318646148996493,0.6479723048526848,-1.15025009110177
0.6490803277780833,2.120773071803402,0.9053948332631684,-1.7796694830091757,-0.23924292956687518
-0.18308615808249687,1.6255271365648676,-0.3125295590621935,-0.48827367424047524,-0.38401462982611345
-0.7495631937302685,0.36317397260040474,-1.0542904026964557,0.09736182895523046,-0.7319529887779526
-0.6376335415598273,0.12711797912906306,0.7335806052427748,0.18006805677745152,-1.218942975267382
-1.5838556753902826,-0.013758932764166114,0.22417921329323787,-0.4790886417294088,0.8168411041028614
-0.7304607295703776,0.6185236648518111,-0.518994377231351,-2.257550760707778,-0.08615513439034034
0.9961630217563742,-0.672525652164153,1.7649082501188038,-0.27110875492829606,0.5181258288354921
-1.1530737008748624,-1.6293118014004369,-0.26438587584808165,-0.5348358495840291,0.4673405630300706
-0.44379101680343186,-0.010238603697913228,0.7619321763559009,-0.5895234497358156,-0.48284647065692793
2.0437705290225274,-0.20487798328747361,0.16802773249608818,0.668458214384738,-0.10895674972869737
-0.23466824128429908,-0.5058570043132629,-1.1058452231514964,-2.0584047344827856,0.44361835876917544
-1.6546068141653,1.3812195642217222,-0.031949030815124096,-0.3219768504176891,0.3756175784110014
1.4908895226146812,-0.5998301370876071,-1.5372777566353477,0.1080520754529669,-1.272656489457676
0.1005584481664376,-0.4332966437649496,-0.2112750060431572,0.7063820893619865,0.2249226781012396
0.6776854789907696,1.437462275967515,-0.7906158867650613,0.04315374187646858,-1.108007041591138
-0.025903808618735476,-1.2153867610796854,-0.01831364160147124,-2.2869459970269257,0.5431272837819389
0.897701254908431,0.15141856427137904,0.4030975226556534,0.1912818963742531,-0.38959241070747036
-2.4135900430583668,0.4526252576730529,-1.5099679323903272,-0.928295082785841,-0.028322156060434298
-0.764201930115346,-1.0120833157032387,0.27400039297632367,0.20059083375257675,2.4154418678797014
-0.21040452180961666,0.05918917290268778,-1.022114947392846,-0.582554119032431,1.3307553462345159
-0.626133884877606,-1.5534421136599237,-0.26575154609577745,-0.5978079306911855,0.2983521979717347
-0.1819673839178002,-0.19526608200819057,-0.7235791609078416,2.851317759104329,-1.085815921696569
1.6139286229307475,-1.1585943391628195,1.5219986916510724,-0.9678566169094439,1.9240924863281734
1.5623282208963079,-0.8512812918427599,0.27163485403574467,-0.03387203533759617,0.4833941255599116
-0.5735069827347122,-0.09537352221472087,1.7623241456765926,-1.365439710251221,-0.19858411975093065
1.961513797807101,0.7964881573674405,-0.044519569958254984,0.9821533459728241,0.17868097449810547
0.3822232709545131,-2.2241973460070357,2.8068981600434513,-0.005430306684992172,1.6911126823178286
0.14882693153405377,-1.595697045607914,0.36802211512314986,0.060473724113233776,0.7909134966495158
0.03825804149632934,-0.1381367984047283,0.6734029763261382,-1.8120924032296768,0.29956434682686817
-1.05371875909174,-0.7056245765636288,0.07409187588334123,-1.598369093573721,1.8159150702182187
0.8929117328495183,-0.2655208948802848,1.347999205288536,0.6485045522415714,-0.6321179002300179
-0.42094764413921504,-0.5113964079762893,0.5027087312228442,-0.6462370478668943,-1.705834946951026
0.35434971023529116,-0.9346943974030417,-0.9285870585124872,-0.89445295249187,-0.20847198551374332
-1.2395772817841848,-1.2782425771217492,0.12165688579285935,1.4181135555851845,-1.8753298563475496
-1.0641170867244953,-0.08782617646825681,0.32426943047768003,-1.9939295787615827,0.42661909090507516
-0.4750548583695481,-0.2987577729053801,2.3091231369969476,0.052296158142359855,-1.4650217811825428
-0.8783537812112211,-0.047341352839980234,-0.2483491403564868,-0.7844291352921811,-0.8872181426921636
-0.47410009022397076,-0.2651909858248915,0.04500700043095967,0.43867739292273616,-0.7057025005029021
0.5033982528437665,1.8793320589382576,0.18783135727584163,-1.679166585938348,0.4043961667774514
0.26301128344786334,0.22286050284239,-0.9546769590675152,-0.051722737891764806,-0.39772300590603393
0.9184788399228665,-1.7861196137261117,0.8263784787837045,1.2936911704639158,1.0806112443644604
0.012609449321398054,-2.0637431238975723,-1.3156561298237912,1.116015944165518,0.03576842225286579
0.26245216456526294,-1.991317273855336,-0.041229016161035276,-0.7640515093778163,-0.3585283665854002
-1.1672652671386432,1.3754072148371612,0.8053411357931429,1.082945504434345,-1.4063237300123934
-0.6139865841733346,1.423178716841304,0.8710459778314026,-1.4248409170588316,-0.8212007170215633
-1.6776254451055985,-0.8268592295646009,0.5657330249248881,-1.2262091422825117,0.5007226213802152
1.328654700557288,0.12863901634318914,0.057728038280701076,0.16523190194242549,0.9339022327626124
0.04458080589966126,0.5325275686701645,1.7487430105308672,1.924942163884969,-0.4056798785351643
0.6621949800332413,0.7559498017563921,-0.7463175341658944,1.2876925413633666,0.5906952347049795
1.6613322481864825,-0.2914577353643474,0.25881911656716794,0.8937285702064833,0.27816318900727294
1.1150392911859888,-0.08075471962839631,1.659609445516277,-0.324087055978732,-0.3690978278770725
0.1787413451636231,0.018549050416447076,-0.37420799204108923,-1.0734790984465101,-0.027860953169347353
-2.007704242259461,1.4300761354469855,-1.7432570825946143,-1.9148953155650934,-2.279016630268557
-0.29065707762680665,-0.07854819347559212,0.9073901797991826,0.6312960445927521,-0.19900142157147124
-0.1049920564972268,1.8544010670235986,1.1777230760291635,-0.5399467770277551,0.12810662722512822
-0.31520762688933784,1.4528764536445966,0.5870882555780098,-0.23997070673355975,-0.0672816156901426
-0.46908148331251526,-1.1705482355613512,-1.2110241409038591,0.027893118367970555,-0.9538998315535275
-1.047235146026712,-1.225829048475228,0.5428707314213399,-0.2166935862696787,-0.36072587999901684
1.160992271783488,-1.2248864374769315,-0.8908057842516968,-0.5072244144654953,1.0335600463273833
-1.2101670142342473,0.5670457949652585,0.6382630891343429,-1.6792310945544935,0.5999264301411757
0.5942865475764019,0.3986652358781981,-0.9929702873685495,0.16440941261746447,-0.059319946743026354
-0.6437248937223744,-2.05010312343765,-0.39014423684368976,-0.5230363603693398,0.3915912726426657
-1.2656085650298023,-0.17665226449882196,-0.8983630631512286,2.0097266604161814,1.339087970634506
0.7890596094966554,-1.122545894593549,0.8592138594370544,0.1426443967661164,0.307086687200199
-1.2297146586636838,0.8628560978029125,0.6622307391402734,-0.9413619312080473,0.2759221967679393
-0.013945303445745651,0.45000538011708235,1.5967725349557467,0.4442374266552352,0.08836734443309394
-1.888468807691866,-1.1270964458966044,1.171233655877509,0.9929806214596425,0.9609142440622528
-0.29066348534231856,-0.7300701216302392,1.470021774554858,-0.6851863450309317,1.3849322630155674
-0.5996729454369614,0.9041353406672658,-0.8771293890883519,0.05862336072667472,-0.44409422523925673
-0.8718209153018508,1.408839152074444,-0.6911145505141127,1.419092407907113,-1.4890415419334215
0.842535451238492,-1.3862729306543626,0.13197457941799798,-1.1815277218196558,-1.2210494788602602
0.6549728144989407,0.29291245876546906,0.27732159433748527,0.09441394599800446,-0.48426876837121935
1.0811645085465695,-0.22857391618161702,-1.2605081641232019,-1.7313839581008308,-0.03858246388521633
0.7430072757731755,-0.48972526689990503,1.1311185652145983,-1.0547628404641505,-0.46332722953953986
-0.7402327958704158,-0.37658357633797096,0.24092152351633211,0.1797747223914916,-0.18884744680085158
1.4091481463921374,-0.47591673130271733,-0.63714630802702,-0.038532675514864036,-1.4134473516014392
-0.9726044320307082,-0.7354693109710267,1.300004846848567,1.545991479419489,-0.6577801008742676
0.44692399416513273,0.7118180420588867,-1.4481011183513273,0.10133707603081309,-1.0307710599225621
-0.7388994438947755,0.27847089830439764,-0.9922897798653674,-0.3557915769767295,-0.4074965495170192
-0.4203529813781224,0.28685031459902977,-0.6553545651495842,-1.0737159960616727,-0.933136004485039
0.15117851414575995,-1.3301173549571723,-1.242771161826066,-1.864826027032652,1.3368924644162838
0.6192214342141716,0.43053937676314175,0.7886732324399888,2.0207531716987437,-0.5788212428712175
1.8346354238365157,-1.1326041677466248,0.5140469385242737,1.0863278303245165,-1.7661585262140949
1.2473381911779622,-0.7682220045499539,0.751183280196975,0.08990796251585523,-0.8124618838423314
0.27445904748461525,-0.6622221807443291,0.18393641534620322,0.63839764857042,1.4034982435156125
-3.326045955723357,-0.8481461860361666,0.08801993953654258,-1.0758696613156888,-0.5148016502966046
0.9438659480761572,0.5544508601517436,0.24269538797753687,0.4684438363728027,-0.6834672850880849
0.8935001427378152,0.16405019707074966,-1.754461738450139,-1.7455698828244959,1.200404495443313
-1.061042242516278,-0.4209100794148088,1.07484238688557,0.8557339059463112,-0.44890207460752757
1.37739144362225,-1.0087523828735825,0.6526861380216381,0.20671259646286408,0.7618585790423182
0.30342952459328265,2.947045342961869,0.6257478146750487,-1.541165855520421,0.09116315615965646
0.44480469049322496,-0.6977908059512887,-0.38766832129668677,0.9806315109571847,1.428135957679911
1.2169326610202975,0.9046141690138818,-1.1430362354373642,3.0943624296166625,0.1792563122226186
0.5134303273919206,-0.3991286823629272,0.20763256218386758,-0.834324832491587,0.4537631715952948
0.02483213620704605,0.2517847271794463,-0.33291896429979406,1.5039629411893236,-1.0884899485861874
-0.3860607015473317,0.9013988364720427,-0.13686511250465452,0.656280876428124,-0.9543806490468466
0.18967389366365967,0.28778839441548665,0.9228763610123472,0.7844032456567669,0.7221093286968501
-0.12576681481729418,0.1659636274730453,-0.0627947160632251,2.2861102129703226,-0.003116783901212498
-0.40477639977584856,-0.36659861835090396,-1.0965453425651597,0.22715931834028255,0.08969150953155447
-0.2054035570278747,-1.9127357873789148,1.0806952078060565,1.4928189849161058,0.5297835734763354
-0.9420733728303855,1.184873900087531,-0.6516177096067423,-0.2874690671319066,1.8838480951569814
0.5925283207069063,-1.1163374266116954,-0.04245189485490818,-1.363481112354802,1.5218923344144348
-0.8441538154955598,-0.8258474637149779,-0.480681128319994,-0.8601831898577903,1.4398185897557
-0.07151612197439207,-0.8869266834448785,0.7444014485853949,-0.8220404652512168,-1.633008680399292
0.12038060635459771,0.6520539450554507,-1.0484405775670091,-0.06442447203976084,0.07989335532309225
0.2688042695806137,1.0155949733044527,1.1029779884606479,-0.9760598734647226,0.8546865055953464
0.8538312357071633,0.5425550918933503,-0.26016157583856153,1.5841473534927613,0.0168972695882598
0.4945195338323142,-0.038657516507201874,0.4952497423887228,-2.1425486429623,-0.16338267410225563
-0.7425477904211063,-1.361412351717306,-1.6999929812191277,-2.041510064146324,0.46219842983790094
0.02417770123989867,0.6038305667499573,1.502302022476028,-1.7101071622118937,1.1399070235133084
1.665572773977486,-0.19423888009118392,0.39089471571650697,0.5767380960627184,0.9584731220021737
-1.0352099490864612,0.7714315864122546,1.6320752373115148,-0.6963549950403182,-0.07505960642122088
0.34493547905750144,-0.8996615312685581,-0.29239556930261545,0.06042368316298812,0.1436653695697869
-1.1546824043447648,-1.588814650067785,-0.40201143325393385,-0.1708020201904784,0.34204848897065393
0.6452416264933218,-0.8481405388057498,-0.4503836633505405,2.0231352063364483,0.665200482378307
0.4031074787491614,-0.7532377292243545,-0.9963002169886399,-0.8073014619704241,-0.18577516134044728
0.42746114358547305,0.1069964717921154,2.655043516163276,0.24793135342072353,-0.6634411149475806
0.8115020722326283,-1.406144151058443,-1.610941194800102,1.0041648570461368,1.459617313073753
0.42061869981997474,-0.5076281388618576,-0.08541533187434552,-0.3984739784642225,0.6171606128518611
1.0635869751268134,0.22168917372926125,0.8364118733880385,1.339569244167641,0.867727186529411
-0.04823173107964779,-1.5496016424608994,-0.038141864413177955,-0.4167612673044109,1.8136066542998397
0.13580055944310837,-1.5500172290908985,0.3036189204687528,0.38133651630618215,0.46298719460008625
0.05525853355070435,-0.8599198545656179,2.3940181394852402,-1.1365196493063399,-0.7697821480358925
-0.7567393378892098,-1.6529744733405112,-0.12197745963580567,0.3856307349699719,-0.533595080247515
-0.2780932472651062,-0.09778093448162803,-2.0015916343447033,-0.2722465133129397,0.2529439878655263
-0.5600279203215066,0.9731446749535689,-2.492093981516896,-2.120247663464886,0.0049791859092420164
-1.604856040873042,0.9216152027612314,-0.543560064538773,0.24876270007912032,0.18301990335730658
0.9353683821094873,0.6284782436626335,2.933820739964293,0.4512195297681026,-0.06929639645038549
-0.14395084623126192,0.9313709593078261,-0.3164109415461419,0.4426388531369574,-1.741981627438219
0.21371900730635368,-0.9218562605082676,0.6126166273265546,1.2713190490922985,0.4984635423256515
-0.16395589197649268,-1.8722312740821851,0.03703989864277985,0.237770936798812,0.4744599382914815
1.152687573933931,-1.2093212794794463,-0.12666154810778193,-0.12361516999951665,0.7935266782429788
1.2366171176969658,1.1360210073713937,-0.2414806846162668,0.2951914915849741,-0.6155064243839146
-2.141149492598181,-1.3135427804300175,-1.0437073614122439,0.7269674456036308,0.9001040788433043
-0.21023899297030535,-2.43540123749849,-1.385307760061376,0.9141096366286899,-1.2364526138925787
-0.17874863403697,2.2505534498366284,0.17810391949886462,0.7181540433554247,-0.5473975828304101
1.1376654826251675,0.5587283774024879,-0.007475515648076032,-0.6141902774966757,0.1451590371143874
1.891457294845615,0.7106951437390175,0.35937457807513273,-0.021738524402667235,-0.4075610445412701
0.5890949317559813,0.11339533525333008,1.2021850523243183,0.1398484898030824,-0.677687714091513
0.5654579206569943,1.2755812547634144,0.1508969013262991,-0.61185219792647,-0.7293106888482961
-0.9992669580442117,-1.2063951485504596,0.7000369440002844,-0.10342620138775609,2.195209700021373
0.282443559501907,0.04011465338301497,-0.7795601986701332,-0.30200008942202994,-0.34971070263347875
-2.267889231866516,0.9079555743949308,0.6860107365790219,1.563069440294598,-2.868676797129027
0.5365289831003127,-0.7779703091204183,-0.17169029035237007,0.3062170349637086,0.43120470758836266
1.1354670739637704,-0.9131046321197779,-0.5156000889887687,-0.6551766643804641,0.24360506676234028
1.49987022295563,0.9834984776059735,-0.2603065680727177,-0.7903591315396108,1.1860539987550343
-2.0975373719303385,1.3843958552528766,-0.2845439303967397,2.0452692773839707,-0.735944658949213
-1.9469728206691184,0.538741515231901,-0.4941772142482772,-1.1604926872535348,-0.48286051165887967
-0.9713994743062281,-0.2373104448264152,1.0113752576341868,-0.21964631855681574,0.7888889099733175
-0.1697443365163568,0.38832690894487387,-0.28109540757464024,-1.6672784154296523,-1.2373825661022382
1.7967818027935178,0.2302334123037068,-1.3335461902595258,-0.03466142956612839,-1.3615531046647504
0.6538007809587947,0.3055523249218026,1.0939807294952342,0.7074099763850635,-0.2554360296749573
0.11770250462589944,1.2869122254177878,-0.19242210322907885,0.817111380098077,1.2042299240521617
1.28135725906535,-0.04283736140925903,1.9398146335304358,1.1651694314903918,2.372614416495019
0.34984755630139847,0.9797541641021676,-0.4316616074547045,1.4860978186008948,0.1804016168955821
0.3395409683289502,-0.6164859229041724,-0.3346928619820437,1.6848504413786305,1.1331477263229677
-1.4583951972629827,-1.2969551453093862,-0.9878262610007602,-0.38729989857836805,-0.278876776794435
-1.7739914368060472,2.1184076808841676,0.4202779414422113,-0.016786289478691593,-2.194452285908193
-1.4755879847447,-0.19709961186800026,-0.19651532149516393,1.3924656901592396,0.1757425352407301
0.34727054506957356,1.4112982268571892,-0.11081690627734703,-0.7089129345163898,-1.0142903377637484
0.7275321744505979,-0.3349331401035069,2.0480493858155953,0.6716546693339431,1.1657071378572452
0.8214073039661436,0.8613669232732809,-1.2089369113308266,0.9353982541809592,0.27524161806348624
0.6412697376977712,0.11026927590315135,0.15901378282857248,0.5151421704677286,-0.5459536062443638
1.7524813184962098,0.3466748079776849,-0.5032672516977581,-1.0833814424907797,-0.8152172105831612
1.2467339504240724,-0.2751273428337306,-0.5254964402450161,-0.23819984770677885,-0.08186952561308175
-1.3674847932314276,1.1137579146256174,-0.45625020362543744,1.744565486010895,-0.33525001411978034
-1.3348119568039516,0.9812295206447368,-0.3054629986294883,1.3536122641381445,0.6959369172599791
-1.1454386447993379,0.8691279752140547,0.911837837496648,0.18882312489969,0.5449881163778926
1.7966699296825899,-0.6889793753080576,-1.147705291173763,1.518548066132785,-1.35949958615006
2.010728450353243,1.2870530623112406,0.29177262846586494,0.012728633845674941,0.3592849835125387
-0.755196539937713,-0.48668025189324626,-1.1554753728669844,0.44375317231546374,-0.3127163514573268
-1.172229106375899,0.1813328235466122,1.7596135231531678,-1.233997490855707,-1.2688000827161392
-0.26542214726366126,-0.24735636021671886,2.5783220484634493,-1.7391830867532043,0.23306781269068053
0.39755778595774216,0.17845832788649077,-0.7979289660742537,1.300083665214545,0.3720998240800686
-0.38446339970745863,0.2781826281304347,-0.5927574052293285,-2.5468644534544085,1.1124896447792672
-0.2940878624431945,0.43900591865933614,1.3934362751404472,-1.2081617493602543,0.37599129017923577
-0.4819313168165507,0.738014304661222,-0.5618720001657729,-0.41578812415554267,-0.9601947387789345
-0.37078902982094464,-0.23903333559418846,0.44785441573828194,-0.45737104741062057,0.4318074264206971
-0.40295290032592623,-1.3912468251330474,-0.11121461787290478,-0.759079681420274,-0.14273589653512012
1.959421945288023,-0.07408138846045609,-1.0576538798816317,-0.08774546171758367,1.3221068463151868
0.33627885067775126,0.02619616449880471,-0.536057439434853,-2.22751502000714,-0.6712012713429513
0.29191991506942444,-1.1298770652550434,-1.6207229993783188,1.1971106745558275,-0.6955068909135148
0.576870517334143,1.3890730603444637,0.09951603902391785,-0.6129983553632774,0.17847442454970758
-0.5029975644625674,0.40764794639309776,1.0636566745104554,-0.570246692229499,-1.6371985285088047
0.9336658937234747,1.1191319944553244,-2.3239614139000047,-1.229966001247773,0.6187287377663965
-0.5440248401957316,-0.3274524973847016,-0.6492204193325454,-0.14368632881163895,0.42015693529610926
1.3440536267520444,0.20137436609410536,-0.49305110287326465,-0.37798345077282375,-0.19749270476700026
0.8238790467697363,-0.8435251414246351,-1.1778829727773146,-0.07318000254905611,0.4602906814919402
-2.3388493942239883,1.8379557439476673,1.1507722139616334,-0.20142675173030547,0.5609991997621074
-1.4367212077551177,1.088903360072248,-1.8688012743174935,-1.4809434768868373,-0.5731128826793102
1.4105878376740326,0.43435703748528226,-1.1730892917831346,0.17832588111677808,0.12297837223947833
1.3884478114450518,-0.08848345182718162,0.321632873182277,-1.1968679320209206,0.8328158077143981
-0.24974497303064502,0.07795705479780238,-0.49657992930512135,1.6701762052231006,-0.15433036854367949
-0.28096970113814645,-0.9127858116039596,1.0508041360069595,0.7097360603875591,0.4470289153043447
-0.215252369276407,-0.8384940833508144,-0.9619197788965719,0.8179947064119287,-0.6039637184660857
-1.5561170587921487,0.49837020133719645,1.9457724127219267,-0.4295943154341861,0.5261238604855195
-1.5386095817390975,-0.8159749421561671,1.2256903832498796,-0.38065687737244996,-0.18797144201311342
1.3451733456964612,-1.3775430235493344,-0.7285287610548927,-0.787774215270609,-0.6472732189138842
1.126308926531828,1.2693085119614615,0.6762152083545385,-1.4214731487224093,-0.6939189719597153
-0.48221228864901533,-1.309945579849778,-0.705272798499392,1.6159016231067047,-0.548111694756198
0.652283277787751,0.22417549666767567,-0.43675120184606286,-1.141895203947992,-0.6378041905964926
1.190838709884416,-2.394846259110267,1.2445647095665526,0.8643489349191645,0.37293668399863644
-1.8863474273577943,0.2982030153996112,-0.6950361899126486,-1.5329145323298983,0.9718147225931791
0.07998599980290222,0.5029263603848562,-0.689598606541253,-0.3095484012750937,0.9591769849548787
-1.0874435552155324,0.3590453378038818,-0.052860105686523905,0.6984262698302038,-0.6180145952310827
-0.2439988392936444,-0.17435181597275703,0.1708641134755706,-1.598638060239602,-0.9138720113176061
0.2752878313580374,0.40067366663814474,0.5084299824116849,-0.5002827239634089,1.3399528297913963
0.5943159579660341,-1.7499154775454755,0.3919687059537922,0.045187977553890216,-1.0106506798329398
0.6243535362005365,-1.072438902667287,-1.5837860933324177,-0.19497823183853172,0.33069467887839976
1.5980223443971977,0.3857474698076829,-1.10329969608634,1.4432695904856392,1.277985911064452
0.1634177536481423,0.7104307981653745,-0.17040924154168752,0.21439301475825487,-1.42855486701863
1.5280862723674737,0.3974082632600386,-1.21568131049619,-1.5002297460676164,0.16997874284226785
-0.2670612951278995,-0.4872914366733174,0.0849019774033273,-1.0094969334617265,-1.4111367180959093
0.9518962383871564,1.3658838678197016,0.5427108778526537,-3.14101157911846,0.6878825687009056
-1.7259967227116626,-0.5980916357513792,1.3427473772487404,1.1103869728336573,-1.9887721180280058
1.1476235464640192,0.6323363043835866,-0.9104728961841436,0.0234525444068431,0.6707907456631966
0.22693156548560908,0.6496013145246947,-0.3100671261369131,0.5161026124388159,-0.4455473406140099
-0.14267899936070627,1.8081411169926833,-0.9141152477856826,-0.21782486169089543,0.5801667478430372
-0.017594396506636207,1.4603029167438009,0.6540828998758422,0.2596843635252023,0.7047237611968843
-0.4223457430430402,-0.6300260299800697,0.7528286889234602,-0.2050533641359446,0.6903058451214874
-0.36023273756182367,-1.9365922839094458,2.1239340318824196,0.7341376267185902,0.28683161563631215
0.5792234508952517,-0.09154495164845768,0.9880609026711356,1.0545714756086695,-1.727538611485196
1.5133649415742694,0.253010714013106,-0.7424291623506297,-0.010599824406862917,-1.1805392899065663
-1.4077975761914288,-1.2303947549739733,0.06209494656760175,-0.7976727995790627,-0.4659582096335031
0.39743867947393924,-0.9926636936603689,-2.118621957633372,-0.019341011821310435,-0.7308139787133302
-0.13600858658881804,1.6243558245674605,0.6077144378700314,-0.41293120475336903,-0.9345075185602539
0.5148490507410041,0.7953840672865369,0.915460503874261,-1.153689645175911,0.5108155718721722
1.152462526746832,-0.18811165311724057,-0.8716240206710569,1.1387741570601924,-1.5216266660290614
0.554534216826751,-1.184348185739573,0.39316300223854667,0.970616959955931,-1.7148100272235776
-1.0559769654236388,-0.20052268991290964,-0.22182828563097795,-0.014113116178851819,-0.8552095837310838
-0.9722314997633288,-0.754639401263179,0.017930837900649907,-1.005049640019088,0.5697211614376904
0.7015431192422131,0.8739151630497622,-0.9265386404447611,0.7639801467045666,-1.2179862456847679
0.47846053801641925,-0.10707183024747231,-0.4186183355577572,0.1391587500743582,0.698584597780753
-1.1449634488938936,-0.7836479450220518,-0.4673574331545473,-1.3285161562462424,-0.9063755147364055
0.17837408097442814,-0.27585461279671863,-0.9490199392552862,1.081182969868372,1.2702350675801735
0.49425976601105753,1.033999829159177,-0.6074040483124309,-1.0879372817153814,1.5421164865652366
0.971561497174098,-0.3999464764059816,-1.0642462242785085,0.27629984454764434,0.6381454415284732
-0.3651233596306596,0.7051664432584037,1.3644058941490744,0.3615214005086232,-1.0732721828042544
-0.3360381651378041,-0.5200819124572076,0.367418740289949,-1.0715997208491286,-0.07605043346582166
-1.2380229401572809,-0.4492031347857995,-1.4025838455851884,-0.8354463110830019,0.6008975706268943
0.718151298823835,1.5244861688565232,0.44676588929116073,-0.5356935695625763,0.5133632068615205
-0.17911370306806046,1.5997926523883714,-0.37769719715156796,-1.2831687994480898,-0.5527147421818343
0.8362439002451444,0.4901261768507946,-0.21181442108966667,-0.6844057131893597,0.2552621693913661
-0.716843629259512,-1.0155636787175708,1.4761245134481074,-0.6880394618599321,0.14330240384330611
0.6294132193657784,0.9149135884755217,0.21684452997264012,2.14445848171027,2.1588833976600994
-0.5251792000349627,0.21894357184590083,1.2971474158174323,0.7030704213755091,0.11996270849344307
1.4790560147206093,0.5906912228368764,-0.5184189748726308,0.8672521014480521,-0.043692411621973556
-1.9737971314499358,-1.558206243385638,0.972038341494729,0.2983702491895346,1.240062805641785
1.0009889683337285,0.903340607682371,0.8009477189117069,-1.6045569467245424,0.4280891568398095
-0.5391756441743969,-0.6400279235150393,-0.7678086288313899,-0.9201407894415427,-1.327950447588363
-0.8686132117839894,-1.5264071752797637,-0.6188754417163118,0.2827759970037789,0.5797747114002716
0.757321083793755,1.234927710075589,0.5560709813567388,-0.0887929263209623,0.008186643416987695
-0.9915618442249312,-0.38544501133167053,0.03374740070731101,0.011089845702595084,-1.3343483977450936
0.609592706544953,0.08286638478382058,-0.25571248039667316,-1.7699761435032635,0.1553675038575831
1.5024267147603838,-0.5260596855436993,-0.394322280372318,-0.056105896030542446,0.42627887886941923
0.9221198144887792,0.5219552890207192,0.9555545015522402,1.594619221244088,1.300420152056749
1.2806489385992472,0.11951559360095595,-0.04259485774075099,-0.2168002894313987,-1.2925406252828597
0.4872353457261086,1.1057422276143287,0.9019646351485704,0.6394828296498961,-0.240409686144011
-0.8917745325807255,0.3189371621578263,-1.4945143012307727,-2.3427233728842762,-0.6032054591334568
-0.8565536031401209,0.1682002413171076,1.081278114467015,-0.6775388434163554,-0.5202811830579158
-0.5399793837640517,-0.6417247089538456,0.5882930287722009,0.6995064769397029,0.6141270651926707
0.36444963419457777,0.876112589119959,-0.168536368843884,-1.0807186406714204,-1.8802344310234522
0.6664291225330681,-1.2492518933501802,-0.18657857073983422,0.15067675533026276,2.0034723420847893
-2.2520718030490166,-0.27286481401846446,-0.6491589152425311,0.6993761000445317,0.02218658024658851
0.12695804553819268,-0.5347866298456878,-1.2907719910053161,-1.9941521751798221,-0.6312843083698577
0.8514031056636078,0.18176650833402486,-0.2267908293888127,-2.1691635288304503,-1.9730261032820628
-0.6755011750662173,-0.6006292714325157,-0.22333130596117703,-0.3411884206947149,-1.1251365632089452
0.6816698216625745,-0.116444693064725,-1.2376920544902363,1.6896690742547893,1.5394507977708
-0.8471834785618104,0.36582930060948565,-0.007537494417317938,0.5543335202653815,-1.5364354726534069
0.7006692090419309,-2.0689392408676452,0.398450816253909,1.0038779860536977,0.025558570614889677
-0.343247424791843,1.064493177691389,0.24353616977364007,-1.4225080300020678,0.6097862986636361
-0.6976428059344001,-0.730243917827388,1.1944640501345114,-0.6197872260756924,0.14095317699557275
0.41766846363596044,-0.7120123664442896,-0.2965994200651636,0.15177788198391645,1.3078745639061167
1.5283458583561673,-1.4348952873956133,-0.47525414916022496,-2.26149800550176,-2.034552335450804
-0.9185325771954307,-0.037121720785568614,-1.0182755912905557,1.6223018357935166,-0.07516038173738211
0.6562362430260505,-0.36850724545957975,1.4119675339771203,-0.6423680379404163,0.7305789759783031
-1.3662175554113982,0.3626443533539904,-2.2831232504525376,1.3339313335824892,0.7132546665026149
-0.1275996991222362,0.7679694839168238,-1.0549236452545347,0.10297098003168292,0.4188691508093944
0.43365253658218156,0.18176385041868165,2.3291829554333505,-0.1853584581917466,-2.0542065081381247
-0.6080725477197332,-0.028607369726455462,-1.5458839524908967,-0.1574192224791037,-0.0012687581019093356
1.0426521991362923,0.19309671010534393,-0.03519382238211204,-0.2236323894765489,1.132848816970797
0.7954262737794494,-0.5806683762724258,1.5593670308183467,-0.8025824770370777,1.1303828258375066
0.12951869250769235,1.0413100569644658,-1.1911550302523046,1.4621052113965365,-0.5361164763852115
1.215607450855118,-1.469987301598189,-0.37230328872249463,0.3524659665159866,0.6275950867682099
1.7369360004938044,0.23774155015920054,0.1521758099895755,-1.0977755994407121,-0.8759080760511319
-0.8992357901377596,0.7969884677528307,0.3736183857946164,-0.056217968884764755,0.18165869525629968
-0.9064428668805946,-0.14361858085893417,-1.4717233727178447,-1.5720639992650172,1.1123146538070288
0.18367766022076482,1.3706378205039307,0.6175622193343006,-0.6364035310401417,2.438113734382629
2.236304046584297,-1.0716436200781665,0.9112250025794195,-1.0680411898331204,-0.40770223741326034
0.1918210567555082,-1.456346232600111,0.356990693314223,-0.7441909317265519,-2.15502446861756
0.2573843361691129,0.6415994798090547,-0.8916567191994433,1.0687548413110668,0.24644098349051813
-2.362470954334995,-1.5251616151748346,0.6285158170574131,0.20736673444130058,0.17305557820596784
0.8797314974158132,-1.064825513059329,0.4338078310209693,2.4078290722020843,-0.08796398862979679
-1.0995897003605828,1.3870665545291556,-1.0319584939384692,-0.880898474908274,-0.3389682973770341
-0.22989947761861537,-0.7664185443148857,1.0889873697917414,-0.6419012733261938,0.3802248595538524
-0.45052269363466463,1.617381873895016,-0.8416288769486306,0.06207436384035144,0.14893803177579942
0.883599256746964,-0.9097149307995627,1.2451443554385002,-1.1417571153908888,-1.5514642605848634
-0.21107750502098738,3.2151563974318416,0.6579192495459509,-0.9904633564853662,0.38969578962448415
-1.2669574503861178,0.20306480016000902,0.6121048389604962,0.7451748139814016,1.0687052189889445
0.9190630494351466,-0.12064198371462428,-1.6297228646193016,0.27212157210380516,-0.5071889351322147
-1.1935514096369217,0.22467639013974247,2.3883302850157335,1.2559067615849753,2.049279777926763
-0.6718642308030742,-0.35035898843421925,-1.18437404296068,-0.6314867722385937,-1.5302878116812932
0.8956615774807374,0.8545844415429013,0.2917111632185811,-0.4038838822753384,-0.5487166075888431
1.8509734775996023,-0.3106012901884803,-0.7207577765411182,0.722163556207911,-0.3374931470731802
-0.3737496247005192,-0.5816714765556578,-0.37385175319199804,-0.9053545735342752,1.012367817013932
-0.1536928150379785,-1.1258042018526482,0.1521962719859336,0.8940826709580773,0.09574555322220343
1.0903912709388077,0.010203044338600609,0.6868479649589784,0.4748096965725756,-0.45445160824145614
1.2134576425209627,-0.9475143937795045,-0.30090708919592507,1.8692235507753976,-0.9755840014532462
-0.2960298906598456,-2.075787979962101,-0.4463057546667214,-0.35106500371888666,-0.048868085227033696
-1.7936561030241889,1.6417252644828695,-0.01881127516829988,1.0794920032606512,0.21342235394581802
0.4323996145765121,0.726433713793218,0.35479517084384143,0.8448686406416632,1.5853868416729056
0.5982198155579166,-0.9735348477333107,-0.470486973714107,1.8982420588877298,-1.1767383950469947
-1.7199059744532674,-1.9179192414686859,-2.006413539146904,2.48579681681691,1.5682498063004648
0.44132845358939105,-1.9578115612478137,0.30855661173753646,-1.5950693538972276,-0.24871561344974324
0.1086952160450476,-0.5321122335174723,0.45997573240251877,1.3127295200593585,-0.3053108160118931
-1.280684596703144,-0.5111966036649266,0.4371647517120886,1.012377990713933,-0.19204227814541167
-1.696047415300651,0.7423374276161768,0.12734198448746947,-0.8902012012356869,1.1419492295581002
-0.25659832229750446,-0.1949412526463061,-0.032721030502689846,-1.739005991393384,-0.22262186801543105
-0.5662218936457633,-0.7905445239341862,1.0465095173918113,1.1421886211624326,-0.11269066592598867
-0.4168510209695605,1.6668064273080525,1.1461532998896669,1.4829862945960617,-0.26884728053731805
-0.9011819291280792,0.2258395421708088,2.041858997115487,0.7665247448429654,-1.6335815350596572
0.012847136896083317,-2.12265151165564,1.5732508110865657,0.6557209371394865,0.4267468218859089
-1.1820440917122812,-0.8047248880141782,-1.021359079527946,-0.4479456520413777,1.2809870229178653
1.121061070651309,0.4315401883779329,1.5558116548786294,1.5265976599971423,0.3014667954069098
0.4361739861036355,1.5027988981220246,0.6797954361594496,-1.7957067021746083,-0.6887271880316195
0.7880537648925903,-0.1596855543305598,1.0516273240554357,-0.8193318633936177,-0.572176233843456
-1.7134946659669976,1.7978642905038253,0.7843441902331083,-0.19281538309039373,-1.5602603242976698
0.6339042720000357,1.7407316401694748,-1.457690991382061,0.08828154963854236,-0.9629148309981131
-0.7151038472477403,-0.5872895993007382,-0.2683659259889141,-0.8556750720245487,-0.44882652820766766
1.0098863444159683,-0.741568787680173,-0.6491529529710655,-1.076760849666872,-0.21070316248477364
0.6134820074002743,-0.1884755636623677,0.8981240350057722,0.015875441874055242,-1.3420221559408227
-1.6031684097829468,-0.6354730977596897,0.4465516768019765,-1.5313746332950384,-0.1312263922346582
-0.7239891581935626,0.5651647726784833,1.0828878353950941,0.8005160648313621,0.27322623418066544
0.7154963544418543,0.22633678275783342,0.234839526775416,1.3308381213327265,-0.23203694638916725
-0.8908067426809093,0.815716161490375,1.1316194638638477,1.7568085895134384,0.2810895976572832
0.09497630267215415,0.9454929112778138,-1.8138901023538792,0.6162692369523693,2.3233317034832766
-0.37206462587047706,0.39053352983743456,-2.1044546588032405,0.5828984469671424,-1.1067677522962955
-0.13216037327148986,-0.07659618860772222,0.7440295393075415,-0.23083506862170203,2.7191629706512583
1.2198930560942536,0.5332137532438498,-0.639195073513786,1.3308310720248797,-0.4251111010419171
-0.5883254513847997,-0.1198890320202902,0.7576487517236684,0.5152031050163794,0.6540488475511512
-0.2048586258622264,0.24736674971537706,-1.2747177385339417,0.7559251630488677,-0.11424579791678126
-0.602251347036226,-1.297440756875382,0.12312822981532993,0.6697278464460154,1.0626369441795915
1.4556184685785447,-0.6824039888925373,-1.3631697901244513,0.2736167572274441,0.39068873258130593
0.42146788994074547,0.5521902274315722,0.5910031678765681,-1.1795047245351729,-0.03495639836620796
0.13908178960919984,-0.3153868348206961,-0.30439342666467695,0.5685389678159705,-0.7748878475313077
0.5916803445700415,-0.6442543009253535,2.2265978503903368,-2.30275420384466,0.8691940928969195
1.6371852143662773,-0.31064316576651446,-2.580349117355579,0.45460524691127446,0.3400335468746162
-0.30029855734618843,-1.1388166568371039,0.2247555557048432,-0.9915828484817036,-0.15625122249575432
-0.4962008129429285,-0.1813970313145558,0.5501063426056652,1.5853453144719147,-1.6408874427808884
-1.6189327395069841,0.6816547063793588,0.30234594804546666,-2.138518997044844,1.0583575190598837
0.1520236093900989,0.21296538530056847,2.1079851210598837,-0.5733170375453257,-0.17794981075580515
-1.5135661591171585,-0.11248462161177196,1.3182450990772523,0.2619995168970419,-1.4997129094141755
1.3521321569220957,0.2719756727770383,-0.24853351843270227,-1.4742050821713293,0.17574882277571152
-0.2129121955212609,-1.7471166592750955,1.3679010371523534,-1.658140647033919,0.05856246455299862
-1.6090890629337837,-0.4979557377506749,-0.13466861163374388,0.3382787249002608,-1.3673433318013566
-1.1162567273132598,0.7266943965006897,-1.4888461272330569,-1.6271977639182549,-2.0697140624536576
1.4358316380326284,0.7997840502867751,-0.5685322043333306,-0.012391172362191968,0.5343984388811622
-0.046970648692440116,1.1449866305677234,-0.5386182690581056,0.538924273598833,-0.606435162344179
0.8242873138812481,-0.5548432920212787,-0.6757900375801781,0.13952921530580625,-0.06636792328219177
-1.4383878045979488,0.9562719411966581,0.8622649625246889,0.760899614212091,-1.0705679238344978
1.0371639188058277,-0.8198225838806263,0.12730797999435567,-0.5997084516036368,0.22676762606641335
-1.314610809777619,0.5320383466831204,2.5218932473705395,1.252975825600215,-0.3214404106834912
-0.276817060189222,-1.1804891054803024,-1.0117714878614736,-3.7013280711749914,-0.6281952974074251
0.18877149738222884,0.23021741661669434,1.7214015502014655,-1.7512091531572995,-0.6631016151951177
0.5138003142598362,0.19404401939744445,0.4480945855372957,-0.21670653151457228,-0.04118380711193792
-0.21234982046569564,-1.137461275322317,1.4149640672137314,-0.6581360099782911,-0.11750150589833668
1.514409599171084,-0.705042739023261,-0.7193923489362112,0.6941150771879666,1.8595750270476288
1.1962153343003799,-1.4551494189550207,1.1513855560454336,-0.23554636480015034,-1.6304702770355013
0.5251326793179331,1.0200787104522502,-0.20554636100070917,-0.5036060679360033,-0.9995371017589948
0.16138746449353475,0.1311690965021572,-0.001541065088264718,0.6830536004045895,-0.053624201168407014
-0.14619326504626384,1.4872752521306511,-1.4577501497061298,0.8851787121122701,-0.680628190639055
-1.0238833328322254,-0.18424473536662264,-0.6212260920890488,-0.1225137149939835,-2.709420568800987
1.0846332915887023,1.1352684638560007,0.8131805482990854,0.7909659278357076,2.4125367379563967
-0.030897734172576883,-0.8776021553467171,1.0932516415078024,-0.4861740221739571,-1.583973481215156
0.25055495430566416,1.661384644523105,-0.6673330786264108,-1.0747262871806365,0.26278941628081665
1.9166993708580211,0.34604067913832653,-0.30682028635967673,-1.4930386775942792,0.024252887525937687
0.6354875245270722,1.238478448681814,-1.1830997991216563,-0.029963024434345384,-0.675915258651258
1.720456117927962E-4,0.3261657308287883,1.1043385912806873,-0.70598263199283,0.0011443830037123346
-1.9215233273943166,0.2616540126654591,0.8986717100654723,-0.13197017790633903,-0.5368316497988611
-0.6741798432909224,-1.3776691589613335,-1.4042971037161656,-0.3510271302250344,0.004214702822329627
2.073322708417685,-1.0826692466621581,-0.7965167622281798,1.0177903947234743,0.3356246784719696
-0.05471869813153324,-0.16009189624334508,-2.1436832959781014,-0.8042376154783365,0.6681702324134141
1.4695752042592933,-0.6797467959834259,0.5198716098432266,-0.16216873601314122,-0.7271523502624887
-0.578009974285455,2.246987636379076,1.68277680024689,-1.1275911888594656,-0.019057468553197794
-0.49499233996415315,0.1435806469081499,-0.6493052622543692,-0.15470447522506445,-2.435723065183172
0.2615338520264172,0.724245810066124,-0.9382659990916122,0.15533531629425384,-0.2484708798857999
-0.97163405891341,0.8266317418738564,-0.46584629635198826,2.061955376487818,0.19823609410381388
-0.26333509782818715,-0.26130773873450774,0.635498895294611,-0.20995641599632314,-1.2397191594288322
-0.8860818701681977,-1.2926669668392647,-0.026179915101370316,-1.1686910713229424,2.337028793988053
2.48692759356354,-0.5398188377994275,-0.6072521431875102,0.6420571986642812,-0.8618777212579477
-0.3654620172725727,0.1973883010913236,1.0693337025083076,-0.41558468144554384,-1.0497791045054663
0.8573282959487486,1.0428458386316513,2.0869153125324895,-0.08582073380840831,-0.03284253508715089
-0.0026496340170694475,1.2453732957386319,-0.5980891376573685,1.0101724284676368,-0.9638400021475456
0.3215928554044689,-1.3591777021096918,0.9614697158014499,-0.3893038211497718,-1.3923652030256695
-0.0438999435317907,0.49621728858051883,-0.49924412551802333,0.08901189737044223,-1.0858198323736772
0.6373888165839408,1.6617179957359793,1.4366213926609068,-0.14044969615696043,-0.3611815950354828
0.9839960226672683,1.878923069944211,0.5524438006666742,0.5426923750233927,-1.0832879477660058
-1.1563478619395482,0.5065032080057207,1.3348461575950534,-0.3494840060992571,-0.19651999801279074
-2.5696061641808945,-1.3955343803679126,2.0323205451509243,0.41905650817461104,-1.2027879796930474
-1.2602847570002427,-2.656791783897161,-1.855634611693176,0.610638026633385,-2.335817464404747
1.1835453792203803,-0.44851441244978996,1.352225710741388,-0.386122812185279,1.165872542046011
-0.5233964456397757,-1.2986773344730282,0.07298229839222567,1.4681680690414232,-0.7625232107972357
0.992453841542245,0.7979255831816431,-0.6317106837612556,0.1280622651152284,-0.45706901838369235
-1.7310329659190185,-0.6370776646573589,1.9130873861583366,-0.2870218551883711,1.3112686557361144
-0.5398087298209695,0.08813202968436994,-0.4913948477116152,-1.2941890741622943,-0.3145657201352567
-1.069416686197587,1.1664620463776687,1.1626029793739896,1.842152346433939E-4,-0.4889976976401765
-0.766275144908845,0.11413299220029162,-0.33875382817965793,0.4128648971458027,-1.026906704124502
-0.6195999257939436,0.13789593541572323,-0.9165947506546671,1.4922890826648845,-0.19549050472353185
-0.2765577788733216,0.35585195301820044,2.4839889000890114,0.18279900519647613,1.2498194387754047
1.4099948653652692,-2.0147681409711207,0.7925634166232108,0.6689317017115574,-0.3130598992452176
0.05262066478033129,0.5586512111418847,1.3710879558885982,-1.5376289418876137,-0.2365458990918242
-1.057591346563193,-0.025384906624212247,0.361252591101751,0.2486709886128575,0.9763929964336248
-2.3439217263568013,1.403467001029994,-0.30345591087119267,1.4609458218989186,0.37363686891765985
-0.2705956386974096,2.6309917739477635,-0.19489454753621732,0.5097738716901817,-1.5496423742544605
-0.7473123912428697,-2.097938028302695,1.2484162434285069,-0.485625715691165,1.4818414616948732
-0.7994076672092997,1.9620808304242596,-0.43411839206134706,2.0573320689219314,-0.08866893749773697
-0.8594176520161689,-1.0932256136330096,0.4039594667119265,0.9966004654132693,0.4690173199758877
0.763909157444406,-0.39702080302460196,0.7541142179524043,0.08116790863489991,1.857192248240783
-0.8619723162138366,1.579007516679463,-1.9507247140778412,-1.06972159287424,1.8989056350792013
-1.8383307043575312,-0.705905373673738,2.6576180547056927,-0.4327330210610805,-0.3064629255770887
0.3764184928740782,0.4446928022471345,0.5588708041943966,0.46804700788895987,-0.3701908505286667
-1.0368845862084193,-0.057192044652761946,0.16747515681173275,-1.12093841272283,0.7670343874989062
0.05445870078098238,1.2041006729031696,-0.05860511025213536,-0.639598850581298,0.026572562238732618
0.5228416097226122,1.0428905461788698,0.10877453536069161,0.5402671106443903,-0.29764396812846267
-2.3148893887761464,-0.19372885693347064,-0.43962499189872734,-1.0266426827630883,-0.3685111379007617
1.7530707970092647,0.48467467884472676,-1.060838127892571,1.0174783024623801,1.7474882628641704
-0.7776564718879515,-0.24279419063486604,0.8008431523204589,1.0300788680401443,1.3534171917513889
-1.069053645807133,-2.003088011693195,-1.0114147437279863,0.7530963262674395,-0.08973518462643465
-0.3418936279106183,0.03864815069686287,0.18913782901154796,0.4643998980180798,0.812475769865065
-0.928957079163492,-0.684981824499403,-1.0512494277576139,1.36713758740326,1.188569303113
-0.596407586776834,-0.3068994881518889,-0.35697775078723765,1.07900399104934,1.1873601486385856
-0.022530411340979627,1.4996110837516732,-0.07385530909124907,-1.8133908878908258,-0.7343609797105608
-0.8283940215411859,-1.6777588905769012,-0.28507360725614106,-0.44260153371060057,1.0224597478008437
1.5978665422909621,-0.8590901047412799,1.3000278286606493,-2.0570724062887575,0.4402612082408981
-0.7408372678088408,-0.24823200658958008,1.158325906930519,-0.7600367947946959,0.8463906515497164
-0.8231071736397702,-0.578729781291409,-5.52672653389124E-4,-0.849687177664095,1.9573997367380942
0.14371643413084345,-1.0840097720815913,-0.4802232858292705,-1.3906836162114338,0.14124337418801675
-0.3407505442879296,-1.6801864684766599,2.59622462040238,0.34660765639088403,2.4778243059402607
1.1121300745452398,-0.14065452647509666,-0.8588931970610787,0.0021446265369047834,0.28598754092640255
0.9035856250935975,0.40460981306699645,0.676363917665334,-0.16821606346569717,-0.05549044556176712
-3.1764834166484452,1.3696874981794729,-1.124774103732039,-0.8085271582094823,-3.6977711500449524
-0.7028181528480033,-0.7805171551639032,0.17694305473335578,-1.4625532128981245,-0.923311739219582
-2.1391762777012056,-0.8619491346819769,-1.9884643548854712,-0.798032531549196,-0.9483538328965635
-1.113944221011401,-1.0591735287338018,1.998904757585369,-0.11972409233092275,0.27974755414893604
0.5026486026069743,0.5465778653746368,-1.891116125816143,-0.17944441969264435,-1.3572178209894181
-0.7705912521001473,0.9851390024786042,-0.8867369936309886,-0.7908663378100214,0.7240291375592597
-0.9730021711234786,0.3138433207860093,0.30064209929944846,0.4974753770744804,-1.2757152606710143
-0.42346305187001476,-0.9528010772638784,0.30048937715842533,0.413611703928215,-0.13423042400596175
0.03222114706570621,0.30502670344090216,0.19878153027773768,-0.12372655367585282,-0.2189651312836744
-1.8605627611657987,-0.055585424499583695,-1.8172029645973293,-0.07388502164753545,0.16586921733622295
-0.3800335217401335,0.9791327641975308,-0.684967113198521,2.325352838410109,0.3454295076755717
0.5743766474455569,0.7015445102974266,-1.5861456776166138,-0.787292546105444,-1.090884041533658
0.016976996935127463,-0.17636853909564887,-0.14958418291647568,-0.570079999152438,0.06545300325606673
2.281227420755932,0.7899092054544335,-0.6111118837012532,-0.8008728522453445,0.6998083063497055
-2.0099048274399287,1.4012833053481832,0.5186346392859145,-1.0142653553988799,0.1864713865298798
-1.8503734209910214,0.20296673870962734,-1.2997294990089632,-0.4214771687311043,-0.026665533253040538
-0.9199135544726883,0.10810582441835473,0.3502495786670148,-0.7426531845191667,1.6541974585370407
-0.23515172655859182,0.28235386220330794,0.07288021626733589,-1.4729983081577325,-0.5409926430479752
-0.07543200262861811,0.4134399171716019,-0.4873789107696374,0.3001647475696287,-1.4409221564561
-0.6925327096349208,1.1620085919331433,0.25288098431918205,0.15084228926668,0.26363401265342745
0.7642800940100405,0.09189511327926066,0.4939434102955189,-0.4224451213510773,0.37689163047439717
1.6577967323718705,2.237314273602267,0.39139392608831464,1.1867154720123028,0.9066110921911906
1.276510518162319,-2.6614616648130878,-0.2971139371990068,-0.2750805839702143,-0.40856937851778763
-0.1949098499803706,1.1623543475340936,-1.0002439297296324,2.1690804327601856,0.9665111331860193
0.9409533021300622,-0.9607923591493764,-2.4200229798453368,0.5643445379465025,1.4695902291436957
0.880929545578958,-1.4921610428139942,-0.980284345731753,1.6674518955044728,-1.454031041037721
1.4354600925868153,-0.791358505137279,-1.661805153331419,-1.3679534211174198,2.33249132540045
0.4780832710961065,0.7157518299556764,-1.9045735975158207,0.17917695593279082,0.3347229451103094
0.12800282645707464,-0.12621234773730935,2.0215518950924403,-0.2652273320785048,0.9779882742668785
-0.38941756107172504,-0.021743045658520636,-0.18779839226157122,1.0112562021854277,1.1945448070099296
-1.2571443584597015,0.9156121971393728,0.07902585079462743,0.47453353118483993,-0.052749404928296904
-0.3675536868598813,0.4955278839077184,-0.04617295937066374,-1.270067464860739,0.11741566486608616
0.6677351472332828,0.8099493610793114,-0.321262661334792,-0.36830362969690755,1.6227351044338367
-1.175822095222915,0.5488076969221125,0.2453677529652327,0.4144249040895249,-0.12293848347002076
1.6913874534661575,0.5263224103394839,0.7339665271139001,-0.012858592231551889,1.86880200458113
1.1213755224580382,-0.7947502089650474,-0.5534096658529355,0.9660145237352199,-1.087875520836929
-0.8078162953205625,0.5371566911599991,0.8320667044983192,-0.1896706264126295,-1.677781715858905
-0.39251270207674716,0.33454391437834735,-0.17714520997853966,0.23957336654198932,-1.4549784402115928
1.3456779499049052,-0.41827621727087094,0.8781865011451543,-0.26958723494274467,0.6870305456878699
-0.06582313179778175,-0.3813906126910064,-0.5490937434192265,0.30831082669149407,-0.4834500964167179
0.7121002808309836,0.9722872433453755,-0.11693459480057156,-0.661173575489539,0.03532024129766852
0.24815102653121682,-0.37446762698113656,-0.3664505813612183,-1.7094877562755857,-1.1758656947829103
2.007081475592828,1.1236508522781357,-0.6972821374359655,-0.9119149705571791,-0.023870758998819866
-1.442819898926789,1.2618836718998443,2.464006320271678,-1.8040635370349156,1.5647274324445468
-0.602861176860078,2.1854965417329404,0.3611007092091472,-0.4545948665252794,-1.4888238180216913
0.9121700608113776,-0.9721697069829391,0.3069073464954826,0.2825281888289216,0.5188905465824585
-0.16572267791547823,-0.165640811650725,-0.2733257165767212,-0.9613568864013673,-0.9815077709036737
-0.5244082827671642,1.9411188677784692,1.0700927772148434,-1.260537900419964,1.8216968153526203
0.3927330912106031,-0.6544989075219285,1.7258255118762675,1.0587637047798886,-0.8984750682916665
-0.22279154791205127,1.1896036272284107,-2.097249818383619,-0.24733118872111537,-0.6246848065361629
0.5593721854671999,-0.7933680715213706,0.2936879917448122,-0.12060876481342458,-1.1161532960431635
-0.3176049099268813,0.057335199982796285,2.1824131958224045,-0.1793891080166929,0.22883356552556283
0.16193457146145993,1.523760739200496,0.5214726676104109,1.7414964887251068,-1.509072323569711
-0.5388135893674232,1.5856673764430917,1.8829761579801902,-0.9693751586182366,0.487866630328792
0.6557600785600666,0.7902344948375097,-0.26565794731471837,-0.2830695693831723,0.27118715043142577
-0.42958310573285347,-0.7825145061207189,0.3178925552525613,-1.1906342226600484,0.2460491580975139
-0.08251714045768277,-0.4469963230387117,-0.698342908619886,0.004208173229909905,-1.6690038255296122
0.3414541541962513,2.44452722297591,-0.856817424826261,-0.2229481060219543,2.074888787019398
0.6678705126436546,-0.9143977945647763,-1.3574568124678745,-0.130483160092606,1.3771354331971284
0.08819054507391941,1.322116334785743,-2.1718933565324563,-0.30681678889613745,0.26344786855384705
0.46069844662697546,0.03242215817874226,-2.2557202190941656,0.6426150333597803,-0.009057594677321429
-0.10066273526546637,-2.260137129722788,-0.027216139253982564,0.04180739579549725,-0.7087171885276868
0.009593257079481443,-0.16364149344587897,0.8992274258682381,-1.5730821378646835,0.9360856826323107
-1.0578342898731545,0.8217090021827093,0.45443910674538956,-0.5639660027389004,0.7335168761783074
0.0616749730666954,-2.6525260053354045,2.6086049650812053,-0.617700676228848,-0.49472582456792563
-0.6962931144033518,2.783237742793824,-0.2135307525044237,0.45887672665978524,0.540782764943018
-0.2695123668173452,-0.6844564605516585,0.07593772781608574,-1.5856419539801572,-1.3296226149404662
0.7125337214824258,-0.1779512527681951,-1.2038281970128295,-0.25685127752546016,0.026449127305019447
0.49699261011114,-1.756505633287356,-0.8242938205588564,1.1218258160991224,-1.3243989418505488
0.3274155263903424,0.4832300721161791,-0.24341309567031386,-1.683150698034756,-0.37634977385288776
-0.6653432382436612,-0.054799784305782924,-0.41098094900873705,-0.22445934893646435,1.063572430510246
0.6498617730815079,-0.7484651975930723,-1.0166538325041974,-1.5311008687020822,0.051562112344050115
1.464861721216967,0.9618439657278015,-0.5127354019852542,0.44963209691974554,0.5422195469282555
1.8193233841981362,0.6011248979492101,0.2850615461488464,-1.1705635917641526,-0.8424160069462919
-1.494920516107212,-1.0109017527465218,-0.03368257533056625,0.5372639020618745,0.05569927655086902
0.4309768107037695,-0.2455165890574935,-0.21916881287953371,0.5564802770692395,0.08427852763320726
0.24795618207658465,0.8582577079769552,-0.19561189203325793,0.7175896790168874,0.33637021444480103
-0.7290207994854627,0.9084301287935367,-1.0631573416975375,0.017417218570880976,-0.43295229807236124
0.10085862634672157,1.1825693066042096,0.8527122173323765,0.47163225467579273,0.9718224420324084
1.2489927766514213,-1.3268819766388589,-0.6703563130513638,0.3694835181882554,0.1398463899502761
-2.032516505273349,1.2976662035452604,1.6833574461652208,0.30970719302552224,-0.7573597367788097
-0.41959432660115814,0.20815527456338997,0.4259640675575079,0.07998894776542065,-0.28380885139536266
0.5891737428795406,-0.9860504450562273,-0.013112203743709961,0.7557588042044057,-0.6062277279610763
-1.236001337300484,0.9885039002709946,-0.8100582570028265,-0.8907253162089235,-0.8204554640512878
0.2879724820015399,-1.2654288756372676,-0.30144373205616665,0.653961784679925,-0.8727367200896323
-1.0958324507018804,-0.5617544178922286,0.3641103610685607,1.3924919418815525,1.6091896030477488
0.18824996130224117,0.47270694778695965,-1.4814803548065634,-0.06577863323102795,2.1353399019271575
0.011588536507381232,0.8149702485786717,0.8613281639656483,-0.24763607155857087,2.130271162133026
-0.016323370541999987,-1.1061634872374948,-0.46500828804742733,-0.33340045059517215,-1.8491031153151065
0.5376459607117169,0.43582617237481014,-1.029727250117734,1.3376187868986644,1.2236886694863987
-2.460600538423089,-2.339848657815799,-1.347884753726995,0.34737736919060747,-0.08946443952684581
0.35176234528715306,0.5858817028508243,-0.9621553239601588,-0.2725183983576559,0.6128636453620938
-0.9061481758959541,1.0256367304079583,1.1986677063259814,-0.41536235776967,1.144762547764066
1.5031564781709583,1.8549269821866134,-0.8354566274155969,1.0221314623981306,-0.14642185896133558
-0.04586573081737163,-0.11384741689018975,0.29495599586605553,0.8355671465707528,-0.2845733248854083
0.07263966152852336,-1.57312274247657,-0.6350982193535897,0.891030660204244,-0.33025276418623006
-0.2990531005570122,0.7852296599309049,1.3424071868465561,-0.9183253553911136,-0.5933803829058405
0.4050833165581404,-0.9672025295718496,0.2530525233705978,-1.6224768213003062,-2.810147805540171
1.0038420762794948,0.2758337911986205,0.12373426232083143,0.685395193500616,-1.4288501042051651
-0.2804586619685379,1.6656098929104644,0.8024768805250946,0.4755992478219838,-1.3862963673880981
-0.422564791902564,-0.4536549120537692,0.8628844074239389,-1.5395286848205965,0.15090123245213197
-1.560207034989676,0.5778805435410145,1.8169280374731747,1.0456158444673118,0.563378968540685
1.4230719958417364,-0.11986968386563965,-0.28424481234219856,-1.3305627124731054,0.20684821456859864
-0.24471890739713614,-0.7086579789970491,-0.593186547677398,-1.479504224881049,0.1519701825045773
-0.014493093104810562,1.157843864281731,0.8065143569478882,0.001028705339344516,0.6396597782938832
0.4339617767579421,-0.8084073518403783,-0.07306384844760229,2.172556390728761,-1.0214160256551839
0.04197672885200087,1.0632595872309363,-1.3858281370245156,2.4746158862134173,-1.9664562820715175
0.10923044710358804,0.4573180461875413,-0.6276958768102011,-0.848362038558047,0.5788788929769182
-0.6969669333880205,0.7270543207910505,1.1526107457916852,-0.23332346318062988,1.518759504003801
-1.3688187979511302,-0.7120250700407365,-0.41523829031076487,-0.3098361958434081,1.8255200970196694
-1.2714197535389633,0.21083514259052455,-0.1659333487186045,1.024057546922036,-0.24849406278561587
-1.1738261557842544,0.39741432121148923,-0.3630978234285726,0.08868074954032071,-1.3543567219161656
0.20125390411432686,0.33343457584286884,0.452531517240502,-0.556470326593693,-0.36256441867339173
0.4954464667542246,0.6593907064782845,-2.269470231638664,0.03598898776439766,-0.5988161280926158
-0.21448565497789684,0.19106016627801373,-0.7416633812284275,-1.2559243276075196,0.44959015560774784
-0.6870950583696563,-0.2805924582421009,-0.9510546430968518,0.34939196421616897,-0.054505071230426236
1.3674030023032246,-1.186788560829276,-0.4282342541948307,-0.008972077316719467,2.832438899058982
1.1590612828798346,0.2732468729120756,-0.7593181351810782,-0.4331509593797251,0.5981909791378306
-0.2993234419582443,-1.1287100598562956,-0.9531440054862929,0.2451584263231102,1.2189208713249562
-1.0522601795739335,-0.4768763121287154,0.05315595582002627,0.991215843108197,2.1137525113841296
1.3745612867121033,0.029198531782156204,-0.7166317511294326,-1.3713294318291276,-0.06347577090909105
2.636759810611914,1.2747738762299514,-0.6995777317001751,0.2495973906277354,-1.7404199077862064
0.5208288874012679,-0.3802755468295929,-1.188848431900281,0.20844071343757262,-0.1597633822912735
0.8064592863648031,0.04434805187408821,-0.47992193920843135,-0.007372397260794346,0.2997426252142207
1.2371477639042308,-0.9187825008245923,0.5345640575305005,1.1620786224506816,-0.40290924516190746
-0.3148883822717633,1.1986436238769613,-1.0532381610134123,-1.5948386133247172,0.8149586511812046
-1.3109194946486957,-0.24649144950525376,-0.11338949460501982,-0.2853138860198575,-2.7532608574807123
2.200248173228779,0.2591571127611518,1.0490957732626063,0.36894073830863633,0.36794104965812563
0.16014289355021363,0.6310476335342508,0.2867959880501913,2.1268265999689286,1.4450386131102106
0.10290017397705235,1.6251733160067894,0.5910241827033895,-1.334526203893384,-1.0806554085511035
-2.5695682718696964,-0.44309084124498954,-1.5868342658296903,-0.8535968747608108,-1.2889142800609135
-1.0555610641037811,0.45080565842795345,0.5774091439076922,1.108465811331239,-1.2637151173829086
0.30825512690235146,-0.7217633294530826,0.712116569748572,0.7057859920731694,-2.3251314885632612
0.8898127017830825,0.47052524096652987,-0.1549314877163594,1.2868191157539066,-1.0047864901304016
-1.8422982086165314,2.543715015295166,0.5397681673216138,-0.10962797251032841,0.554833070618088
0.021584622465085444,0.9489735462403855,-0.24275716859942864,-0.7360454542361389,0.6263692058910256
-0.7355076871055667,0.3736669996289424,-0.5960882897769256,-0.11622675098218255,-0.23319699534406277
0.5443515546154493,-0.6801990277871615,-0.9650252981582426,-0.45277945452223733,0.6985912360053974
-1.7810848350497372,-0.4828922364183916,0.5895521098000898,-0.9993056187508668,0.7930937263173238
-0.617282380886031,-1.025018904400811,2.457186200202839,-0.09642723203023909,-0.9181114926555446
-1.1916622707673878,-1.0310089998602907,0.357864689018798,0.7276135623073632,0.22672829926545268
1.936888802801974,0.4488350671562012,-0.4017822424292788,1.2300463878926395,2.046235095507443
-0.05714738481659235,-0.13869875738562498,0.4040072900149612,1.4122922639043183,1.420484677938832
-0.08839108290085676,-0.49481430697970047,-0.7148168842067044,0.08283295991142212,1.020222848549543
0.29786047811178895,0.2555117703924389,0.49840382343292927,-0.6126914647244641,0.2858460767679694
1.7854922945034308,1.0174484450539956,0.005842907387371317,0.019793308483945022,-1.7300031344446443
-0.39054017453685547,-1.6236518859337798,-0.08066828116917693,0.04679373195562594,0.02403467423037446
0.6769790492350992,-0.11120671900604823,0.4192791833575252,0.094030611172192,0.42244887532490355
-0.8442295373555072,-0.7266495240221152,0.269002777714526,-0.9750872326155273,-1.6298042326018278
-1.2331090005367407,0.24333840632253262,-0.03600139646465912,-0.8114882824020389,-2.1972968474762076
-0.5914581969153646,0.47297247926198815,1.311759139646558,-1.144753423901727,0.5685182629647865
-2.2095162518788474,0.5168455680032795,-0.8143428205981641,-0.09180830668108644,-0.02591534742852605
1.5769593679915486,0.5899385737590948,0.09709142299185951,0.6323851039748075,-1.223595452337394
1.3491487075305757,-0.007293798449349351,-0.02441341021735654,-0.1845312618783838,1.6384648413260872
-0.13376926337237083,-0.03674536971867431,0.7801684737594391,0.11798128142821748,-0.9210822405358207
1.4105896032730088,-0.49100652935178385,1.8178370132379131,-0.5489375127893471,-0.4960360715368678
-0.9333467602266515,1.938052958083516,-0.1511128135395318,-1.712641126155258,-1.590111727251124
0.5445458802309485,0.8264904342905316,0.725149108690529,0.22351714215277566,1.008957026059587
-2.055128714531759,-0.7888700175820749,-0.4189773687370409,-0.20531654165560842,0.07553576681547977
0.4658199687977239,0.04088974763222094,0.3256147749556665,0.6343339578862339,-0.3425131559633673
-0.4126809805113059,-0.5944097781290378,-0.2279967274720691,-0.026827183506239204,2.2202555665984383
1.1529839878967307,-0.7645809479472503,-0.17447579505936003,0.268304879048271,-0.7534935940954478
1.876475545500395,0.8733234795136171,0.8561940506012383,0.8127860453006366,1.9708490097540985
0.6137814865400426,0.5989614084318288,-0.2902472785221396,2.191046868798533,0.6240620227107024
-0.2014900996887617,1.6778847137565078,-2.178297030587675,-0.036107667076783874,-0.6663031283726286
-1.9102906771967112,0.10526157992948555,-1.8609697254698851,-1.117362788324755,1.52162597287946
-0.23060580020991664,1.2800553410414104,-1.525318587734772,0.09274760444242304,-0.1618011726110336
0.5544084246900193,1.322415589594523,-1.809259254565472,0.3753478475006819,-0.5499544503381908
-0.22108891339198516,-1.706489770987079,1.3898641573885122,-0.06504664578330092,-0.5025892500404647
0.4974606222915251,-2.419535575883437,0.6718887786001775,0.05118395958338348,0.484302351079724
1.9297710864727482,0.7669680186504394,0.05897568163093887,-0.4622893354114434,-0.23259647130444475
-0.5828282842781568,0.609853656904423,1.9917037188043998,0.7459604541287198,-0.01593895406791704
-0.8622821450296837,-0.21309838255991131,1.7110288789231671,-0.8581407014254692,1.178758074574208
0.22468451115115048,-1.332009708069364,1.4921069138927319,0.6751584919992002,-1.2888559305751732
-1.2003106290131038,-2.2936716972390645,-1.493983005475632,0.27405268872427296,0.9721603512563682
-0.857725442697635,-1.4518773350374925,0.13372988874629252,-1.7658508625684222,1.700157872335002
-1.2428555775090135,0.011720963176481858,-0.44868086255901624,0.2439993803050433,0.7824832968025061
-0.743453552904509,-0.2994098022032462,0.18694035272828524,0.9054160048006493,-0.7882839051350136
0.10160475426755707,-0.9214114508373967,-0.9120226362016388,0.09333861080012211,-0.09360729902197334
-0.5116608845913149,-1.5834598876103492,0.018573305390391526,-1.0177750032710458,0.20397073676401523
0.22730783754717732,-1.637219913694121,0.22973897560888534,0.44051790005080044,0.5239503826806714
0.011070558903979458,-0.8356281343045366,0.26166119698274254,-0.32032478637770323,-1.3917191458216258
-3.632876994572945,2.006944652696608,0.6407887390193232,0.5035067640827317,-0.06805030560134917
-0.33038539396754557,0.7921208658951068,-0.5131499503210502,0.30365823427728267,-0.3697994776373814
0.4031841425604239,1.357682921145937,-0.2749505480192805,1.0674124587263725,0.8834472679892192
1.1404744715594752,0.14079185592275856,1.2089174343317173,-1.0402022585329824,0.05227475953400256
-0.24113345323687246,1.0169658377353692,0.02607079040443822,0.27684367195368764,-1.8524399840400836
-0.38927724559002624,0.48397844005437646,-0.696789174819891,-1.131789034265408,2.038703157738864
0.041173614398795896,0.9007330311689615,-0.3503543829704675,-2.5167950304442175,1.4279366786795527
-0.743298188474596,0.9476779509034938,0.6986268882409865,-1.490932527603537,-0.17521386558686808
1.1497596284242364,2.0569341632092635,-0.6518846704932516,-1.809064147858572,0.8170923363022262
0.4817971832606672,0.9533260239296815,-2.1397238176915705,0.41544213154755905,0.7699692549424452
-1.0037071392852543,0.03892427953695618,-0.05377243685270455,0.6403026507230631,-1.1408747416174119
-1.0218571527173854,-1.7680050296841625,1.7239300509684146,0.07679032894080927,0.17741877903637684
-0.2848015464444793,1.5466106966608897,0.4919947932129029,2.3380052930092465,0.1063163937236093
-0.7451212365475328,-1.931472637250532,0.29974548098065756,0.5747568859489934,-0.3897745683665109
0.5317214655419679,-1.2285032666245466,0.0980599148356479,-0.34918311869575264,-1.623466859286925
-0.07097237968803612,1.9135379052554673,1.7993017626853778,-0.8326927588790171,-1.5295123252372993
-1.1806947070720744,1.1023721565037625,0.5561925081334486,2.1905422631877514,1.7431627947487855
0.21041284354711468,-0.2577404693031938,-1.2709590397327497,1.3233335485794122,0.8723184544039143
-0.5415055244098599,0.33360942002337934,0.5612129642426343,0.14804903448635778,-0.8124855438031268
0.13293405789280713,-1.2431501627817945,-2.299624980762207,0.11012252962170556,0.05229777220325459
-1.1921337348725205,-1.4046569170004546,-0.7463065872618813,-1.945386013850126,0.22448156147971313
0.9215503021921033,-1.1632224408322467,0.09630304776504155,-0.05786508076164145,1.1958087394331465
0.1397715588134832,0.07923315937114453,-0.5784212448963141,0.5510553581409318,-1.8336135521621277
-2.067483184947392,0.8618312502144891,0.9273238426321164,0.40584164660586447,-0.6112990480622944
0.573387553143163,-0.3482757241023315,-0.21086833931855567,-0.34465809096521516,-0.9968131279227518
2.2856394708225034,-1.1642214711001535,0.22925858718714606,-0.581776252553144,-0.39804079943155696
0.06768547368551277,0.07191892292568768,0.31525235749189867,1.2785010374518389,-2.239933728457094
-1.7401066312493034,0.6135487456248183,0.2794526738781326,1.0337233907648498,-1.3215216452260468
-0.3228293457574329,0.2993696113175339,-1.0791036306542647,-0.5331485113390131,0.7118378074093382
-0.07353565171684408,-1.3866123613853034,-0.6955002066625636,0.9910297454916372,-2.3456870975491477
